ID,group,round,sex,sexed_total,know_stirisk,know_stisym,know_preg,comf_bc,coomf_bc_barrier,SOIBEHAVIOR,SOIATTITUDE,SOIDESIRE,SOITOTAL,SEX_DISGUST,MORAL_DISGUST,PATH_DISGUST,long_condoms,short_condoms,knowledge,intx_bc,intx_barrier
1,COVID,2, ,0, , , , , , , , , , , , , , , , , 
2,COVID,2,1,0, , , , , ,3.66666666666667,5,4.33333333333333,4.33333333333333,4,3.57142857142857,3.71428571428571, , , , , 
3,COVID,2,2,0, , , , , ,1.33333333333333,1,1,1.11111111111111,5,4.85714285714286,5.71428571428571, , , , , 
4,COVID,2, ,0, , , , , , , , , , , , , , , , , 
5,COVID,2,1,0, , , , , ,1.66666666666667,7.33333333333333,3,4,2,4.57142857142857,4.71428571428571, , , , , 
6,COVID,2,1,0, , , , , ,2.33333333333333,5.33333333333333,3,3.55555555555556,2.71428571428571,2.28571428571429,3.85714285714286, , , , , 
7,COVID,2,1,0, , , , , ,6,6.33333333333333,9,7.11111111111111,4.57142857142857,4.57142857142857,5.28571428571429, , , , , 
8,COVID,2,1,0, , , , , ,5.33333333333333,4.33333333333333,6,5.22222222222222,3,3.42857142857143,3.42857142857143, , , , , 
9,COVID,2,2,0, , , , , ,6.66666666666667,7,6.66666666666667,6.77777777777778,4,3.57142857142857,3.85714285714286, , , , , 
10,COVID,2,1,0, , , , , ,2,1.33333333333333,3.33333333333333,2.22222222222222,5,4.14285714285714,3, , , , , 
11,COVID,2,1,0, , , , , ,2,9,5,5.33333333333333,.857142857142857,5,3.71428571428571, , , , , 
12,COVID,2,1,0, , , , , ,7.66666666666667,6.66666666666667,8,7.44444444444445,4.14285714285714,3.57142857142857,4.28571428571429, , , , , 
13,COVID,2, ,0, , , , , , , , , , , , , , , , , 
14,COVID,2,1,0, , , , , , , , , , , , , , , , , 
15,COVID,2, ,0, , , , , , , , , , , , , , , , , 
16,COVID,2,1,0, , , , , , , , , , , , , , , , , 
17,COVID,2,2,0, , , , , ,2,5,5,4,2.85714285714286,2,2.85714285714286, , , , , 
18,COVID,2,1,0, , , , , ,6,4.33333333333333,6,5.44444444444444,3.57142857142857,3.85714285714286,3.85714285714286, , , , , 
19,COVID,2,1,0, , , , , ,2,5,4.66666666666667,3.88888888888889,1.14285714285714,4,4.57142857142857, , , , , 
20,COVID,2, ,0, , , , , , , , , , , , , , , , , 
21,COVID,2, ,0, , , , , , , , , , , , , , , , , 
22,COVID,2, ,0, , , , , , , , , , , , , , , , , 
23,COVID,2,1,0, , , , , ,6,6,7,6.33333333333333,4.14285714285714,4.57142857142857,3.71428571428571, , , , , 
24,COVID,2,1,0, , , , , ,5.66666666666667,5.33333333333333,6,5.66666666666667,4,4.14285714285714,4, , , , , 
25,COVID,2,1,0, , , , , , , , , , , , , , , , , 
26,COVID,2,1,0, , , , , , , , , , , , , , , , , 
27,COVID,2, ,0, , , , , , , , , , , , , , , , , 
28,COVID,2,1,0, , , , , , , , , , , , , , , , , 
29,COVID,2,1,2,3,4,4,2,4,6,4.66666666666667,5.66666666666667,5.44444444444445,4.14285714285714,3.71428571428571,4.14285714285714,47.5,38.5,3.66666666666667,7.33333333333333,14.6666666666667
30,COVID,2,2,5,4,3,3,5,3,4.66666666666667,4.33333333333333,5.66666666666667,4.88888888888889,3.28571428571429,3.14285714285714,4,28.5,37,3.33333333333333,16.6666666666667,10
31,COVID,2,1,0, , , , , , , , , , , , , , , , , 
32,COVID,2,1,0, , , , , , , , , , , , , , , , , 
33,COVID,2,1,0, , , , , , , , , , , , , , , , , 
34,COVID,2,1,0, , , , , , , , , , , , , , , , , 
35,COVID,2,1,0, , , , , , , , , , , , , , , , , 
36,COVID,2,1,3,5,4,5,1,2,8.66666666666667,6,8.66666666666667,7.77777777777778,5.57142857142857,5.57142857142857,5.57142857142857,57,60,4.66666666666667,4.66666666666667,9.33333333333333
37,COVID,2,2,0,4,4,5,2,1,2,5.66666666666667,6.33333333333333,4.66666666666667,4.85714285714286,4.71428571428571,4.57142857142857,22.5, ,4.33333333333333,8.66666666666667,4.33333333333333
38,COVID,2, ,0, , , , , , , , , , , , , , , , , 
39,COVID,2,1,1,3,5,4,5,3,3.66666666666667,5,4.33333333333333,4.33333333333333,2.85714285714286,2.71428571428571,2.57142857142857,27.5,49.5,4,20,12
40,COVID,2, ,0, , , , , , , , , , , , , , , , , 
41,COVID,2, ,0, , , , , , , , , , , , , , , , , 
42,COVID,2, ,0, , , , , , , , , , , , , , , , , 
43,COVID,2, ,0, , , , , , , , , , , , , , , , , 
44,COVID,2,1,0,3,2,3,4,3,1.33333333333333,5,5,3.77777777777778,5,4,4.42857142857143,6,11,2.66666666666667,10.6666666666667,8
45,COVID,2,1,0,4,4,4,3,1,2.66666666666667,6.33333333333333,7.33333333333333,5.44444444444444,.428571428571429,1.14285714285714,.428571428571429,2.5,7,4,12,4
46,COVID,2,1,0,2,2,1,6,6,2,2,5.33333333333333,3.11111111111111,4.71428571428571,3.85714285714286,3.57142857142857, , ,1.66666666666667,10,10
47,COVID,2,1,0,3,2,3,4,3,5.66666666666667,7,6,6.22222222222222,4.14285714285714,2.85714285714286,2.85714285714286,53,47,2.66666666666667,10.6666666666667,8
48,COVID,2,1,0,4,5,4,2,1,5.66666666666667,5,6.33333333333333,5.66666666666667,4.71428571428571,4.14285714285714,4.71428571428571,77,55.5,4.33333333333333,8.66666666666667,4.33333333333333
49,COVID,2, ,0, , , , , , , , , , , , , , , , , 
50,COVID,2, ,0, , , , , , , , , , , , , , , , , 
51,COVID,2, ,0, , , , , , , , , , , , , , , , , 
52,COVID,2, ,0, , , , , , , , , , , , , , , , , 
53,COVID,2, ,0, , , , , , , , , , , , , , , , , 
54,COVID,2, ,0, , , , , , , , , , , , , , , , , 
55,COVID,2,1,3,2,3,2,2,3,3,4.66666666666667,3.33333333333333,3.66666666666667,3.85714285714286,2.71428571428571,3.28571428571429,41.5,70.5,2.33333333333333,4.66666666666667,7
56,COVID,2,2,0, , , , , ,6,5,6.66666666666667,5.88888888888889,4.14285714285714,4.14285714285714,3.85714285714286, , , , , 
57,COVID,2,1,0,3,4,3,3,5,6,5.33333333333333,5,5.44444444444444,3.57142857142857,3.57142857142857,4, , ,3.33333333333333,10,16.6666666666667
58,COVID,2,1,0,4,3,2,4,2,6.33333333333333,5.66666666666667,6,6,2.42857142857143,2.71428571428571,3,40.5,32.5,3,12,6
59,COVID,2,1,4,3,4,3,4,5,2,6.66666666666667,5,4.55555555555556,3.85714285714286,3,3.42857142857143,3, ,3.33333333333333,13.3333333333333,16.6666666666667
60,COVID,2,1,0,2,4,3,5,4,4.66666666666667,5,5,4.88888888888889,3.28571428571429,3.42857142857143,3.42857142857143, , ,3,15,12
61,COVID,2,2,0,2,4,3,5,3,4.66666666666667,4.66666666666667,5.33333333333333,4.88888888888889,3,4.28571428571429,3, , ,3,15,9
62,COVID,2,1,2,3,4,3,4,5,5.33333333333333,5.33333333333333,6,5.55555555555555,3.71428571428571,4,4.14285714285714,33.5,40,3.33333333333333,13.3333333333333,16.6666666666667
63,COVID,2, ,0, , , , , , , , , , , , , , , , , 
64,COVID,2,1,1,4,3,2,5,6,6,6.33333333333333,5,5.77777777777778,3.85714285714286,4.28571428571429,3.71428571428571,77,65,3,15,18
65,COVID,2,2,2,4,3,2,5,6,6.66666666666667,7,5.33333333333333,6.33333333333333,3.71428571428571,3.85714285714286,4.42857142857143,64.5,72,3,15,18
66,COVID,2,1,0,3,2,3,3,4,4.66666666666667,4.33333333333333,5,4.66666666666667,3.57142857142857,3.57142857142857,3.42857142857143,50.5,50,2.66666666666667,8,10.6666666666667
67,COVID,2,1,0,4,3,4,2,3,6,6.33333333333333,6.66666666666667,6.33333333333333,4.28571428571429,3.85714285714286,3.71428571428571,53,46.5,3.66666666666667,7.33333333333333,11
68,COVID,2,1,3,5,4,5,1,2,8.66666666666667,6,8.66666666666667,7.77777777777778,5.57142857142857,5.57142857142857,5.57142857142857,66,54,4.66666666666667,4.66666666666667,9.33333333333333
69,COVID,2,1,0, , , , , , , , , , , , , , , , , 
70,COVID,2,1,0, , , , , , , , , , , , , , , , , 
71,COVID,2,1,0,3,3,4,7,1,1.66666666666667,3,2.66666666666667,2.44444444444444,3.57142857142857,4.71428571428571,4.28571428571429, , ,3.33333333333333,23.3333333333333,3.33333333333333
72,COVID,2,1,3,2,3,4,4,5,6,4,5.66666666666667,5.22222222222222,4.14285714285714,3,3.28571428571429,77.5,78.5,3,12,15
73,COVID,2,1,3,5,4,5,7,6,8.66666666666667,6,8.66666666666667,7.77777777777778,5.57142857142857,5.57142857142857,5.57142857142857,61.5,46,4.66666666666667,32.6666666666667,28
74,COVID,2,1,3,2,3,4,5,3,5.66666666666667,5.33333333333333,5.66666666666667,5.55555555555556,3,3.14285714285714,3.14285714285714,82.5,91,3,15,9
75,COVID,2,1,3,5,4,5,1,2,8.66666666666667,6,8.66666666666667,7.77777777777778,5.57142857142857,5.57142857142857,5.57142857142857,64.5,43.5,4.66666666666667,4.66666666666667,9.33333333333333
76,COVID,2,1,5,4,5,3,6,5,7,6.33333333333333,8,7.11111111111111,4.85714285714286,4.71428571428571,4.71428571428571,82.5,71.5,4,24,20
77,COVID,2,1,4,5,5,5,2,1,2,2.66666666666667,2.33333333333333,2.33333333333333,3.57142857142857,3.14285714285714,3,75, ,5,10,5
78,COVID,2,1,2,4,5,4,6,7,7,5.33333333333333,7.66666666666667,6.66666666666667,5.14285714285714,4.85714285714286,5.14285714285714,95.5,96,4.33333333333333,26,30.3333333333333
79,COVID,2,1,2,5,4,4,7,6,7,5.66666666666667,7.66666666666667,6.77777777777778,5.42857142857143,5,5.14285714285714,93.5,98,4.33333333333333,30.3333333333333,26
80,COVID,2,1,0,1,1,1,7,1,1,3.66666666666667,1.33333333333333,2,6,5.57142857142857,4.42857142857143, , ,1,7,1
81,COVID,2,1,0,4,4,3,3,4,2.66666666666667,4,2.33333333333333,3,3.42857142857143,3.42857142857143,3.42857142857143,54.5,61.5,3.66666666666667,11,14.6666666666667
82,COVID,2,1,0, , , , , , , , , , , , , , , , , 
83,COVID,2, ,0, , , , , , , , , , , , , , , , , 
84,COVID,2,1,1,4,3,2,2,3,5,4.33333333333333,6,5.11111111111111,3.42857142857143,4.14285714285714,3.28571428571429,50.5,64,3,6,9
85,COVID,2,2,1,3,2,3,2,1,2,3.66666666666667,1.33333333333333,2.33333333333333,4.28571428571429,4.57142857142857,4.57142857142857,62.5,47,2.66666666666667,5.33333333333333,2.66666666666667
86,COVID,2,1,0,5,4,4,6,5,1,3.33333333333333,1,1.77777777777778,3.42857142857143,3,2.42857142857143,58, ,4.33333333333333,26,21.6666666666667
87,COVID,2, ,0, , , , , , , , , , , , , , , , , 
88,COVID,2,2,0,4,3,4,5,4,6,6,6.33333333333333,6.11111111111111,4.28571428571429,3.42857142857143,4.28571428571429,43.5,47.5,3.66666666666667,18.3333333333333,14.6666666666667
89,COVID,2,1,1,3,3,3,4,2,2,4.33333333333333,1,2.44444444444444,3.85714285714286,3,2.42857142857143,2,100,3,12,6
90,COVID,2,2,0,4,3,4,4,5,6,5,5,5.33333333333333,3.57142857142857,4.14285714285714,3.14285714285714,60,47,3.66666666666667,14.6666666666667,18.3333333333333
91,COVID,2,1,3,2,4,3,4,5,5.66666666666667,4.33333333333333,6.33333333333333,5.44444444444444,3.85714285714286,3.71428571428571,4.14285714285714,63.5,68,3,12,15
92,COVID,2,1,0,5,4,4,3,1,1.33333333333333,1,1,1.11111111111111,3.28571428571429,5.85714285714286,3.14285714285714, , ,4.33333333333333,13,4.33333333333333
93,COVID,2,1,0,5,5,4,1,2,2,1.33333333333333,2.33333333333333,1.88888888888889,5.14285714285714,4.85714285714286,2.42857142857143,90.5, ,4.66666666666667,4.66666666666667,9.33333333333333
94,COVID,2,1,0,3,3,2,4,2,2,4,2.66666666666667,2.88888888888889,1.85714285714286,2.57142857142857,2.42857142857143, , ,2.66666666666667,10.6666666666667,5.33333333333333
95,COVID,2,2,2,4,5,4,2,1,1.66666666666667,1,1.66666666666667,1.44444444444444,2.71428571428571,2.85714285714286,2.28571428571429,100,100,4.33333333333333,8.66666666666667,4.33333333333333
96,COVID,2,1,3,5,5,5,1,1,1.33333333333333,1.33333333333333,7.33333333333333,3.33333333333333,2,3.71428571428571,3.57142857142857,100, ,5,5,5
97,COVID,2, ,0, , , , , , , , , , , , , , , , , 
98,COVID,2, ,0, , , , , , , , , , , , , , , , , 
99,COVID,2,1,0,4,5,4,2,2,7.33333333333333,6.33333333333333,6.33333333333333,6.66666666666667,4.57142857142857,4.14285714285714,4.57142857142857,46.5,49,4.33333333333333,8.66666666666667,8.66666666666667
100,COVID,2,1,0,4,4,5,4,2,1,8.66666666666667,7,5.55555555555555,1.14285714285714,5.57142857142857,4.42857142857143, ,2,4.33333333333333,17.3333333333333,8.66666666666667
101,COVID,2, ,0, , , , , , , , , , , , , , , , , 
102,COVID,2,1,0,4,4,4,5,6,7,5.66666666666667,6.66666666666667,6.44444444444445,3.71428571428571,3.42857142857143,4.71428571428571, , ,4,20,24
103,COVID,2,1,0,2,3,2,3,3,2,6,7,5,.142857142857143,.285714285714286,.142857142857143, , ,2.33333333333333,7,7
104,COVID,2,2,9,2,3,1,4,6,2.33333333333333,6,4,4.11111111111111,3.14285714285714,3.71428571428571,2.71428571428571,80.5,83,2,8,12
105,COVID,2,1,0,3,4,3,3,4,2,3.33333333333333,4.66666666666667,3.33333333333333,3,3.14285714285714,3,74,67,3.33333333333333,10,13.3333333333333
106,COVID,2,1,1,2,3,5,5,4,5.66666666666667,5.66666666666667,6.33333333333333,5.88888888888889,3.28571428571429,4.28571428571429,3.57142857142857,32,47,3.33333333333333,16.6666666666667,13.3333333333333
107,COVID,2,1,0,1,2,1,3,4,2,5.33333333333333,5.66666666666667,4.33333333333333,3.71428571428571,3.28571428571429,3.71428571428571,13.5,28.5,1.33333333333333,4,5.33333333333333
108,COVID,2, ,0, , , , , , , , , , , , , , , , , 
109,COVID,2,1,0,4,4,5,7,3,1,1,1,1,5,3.57142857142857,4.71428571428571,50, ,4.33333333333333,30.3333333333333,13
110,COVID,2,2,0,4,3,5,4,6,7,5.33333333333333,5.66666666666667,6,4.28571428571429,3.14285714285714,4.71428571428571,53.5,65,4,16,24
111,COVID,2,2,0,3,4,3,7,6,6.66666666666667,5.33333333333333,4.66666666666667,5.55555555555556,4.14285714285714,4,3.42857142857143,46.5,58,3.33333333333333,23.3333333333333,20
112,COVID,2, ,0, , , , , , , , , , , , , , , , , 
113,COVID,2,1,0,5,4,3,1,2,6.33333333333333,6,8.33333333333333,6.88888888888889,5,5,5,84,93,4,4,8
114,COVID,2,1,2,4,3,4,3,4,4.66666666666667,3.66666666666667,5,4.44444444444444,2.71428571428571,3.42857142857143,3.28571428571429,42.5,27.5,3.66666666666667,11,14.6666666666667
115,COVID,2, ,0, , , , , , , , , , , , , , , , , 
116,COVID,2,1,0, , , , , , , , , , , , , , , , , 
117,COVID,2, ,0, , , , , , , , , , , , , , , , , 
118,COVID,2, ,0, , , , , , , , , , , , , , , , , 
119,COVID,2, ,0, , , , , , , , , , , , , , , , , 
120,COVID,2,1,0, , , , , , , , , , , , , , , , , 
121,COVID,2,1,0, , , , , , , , , , , , , , , , , 
122,COVID,2,1,0, , , , , , , , , , , , , , , , , 
123,COVID,2,1,0,4,5,1,7,5,2,6.33333333333333,7.66666666666667,5.33333333333333,1.85714285714286,1.57142857142857,2.85714285714286,25.5,24,3.33333333333333,23.3333333333333,16.6666666666667
124,COVID,2,1,0, , , , , , , , , , , , , , , , , 
125,COVID,2,2,3,3,4,3,3,4,6.33333333333333,6,6.33333333333333,6.22222222222222,3.57142857142857,4.85714285714286,3.71428571428571,67,59,3.33333333333333,10,13.3333333333333
126,COVID,2,1,4,4,5,4,6,7,7.33333333333333,6.33333333333333,8.33333333333333,7.33333333333333,4.71428571428571,4.71428571428571,4.71428571428571, ,58,4.33333333333333,26,30.3333333333333
127,COVID,2,1,0,4,2,3,3,4,2,7.33333333333333,1,3.44444444444444,3.85714285714286,4.71428571428571,2.57142857142857,100, ,3,9,12
128,COVID,2,2,5,3,4,4,4,4,1.33333333333333,4.33333333333333,1,2.22222222222222,4.14285714285714,4,4.42857142857143, , ,3.66666666666667,14.6666666666667,14.6666666666667
129,COVID,2,2,0,1,1,1,1,2,1.33333333333333,2,1.33333333333333,1.55555555555556,3.14285714285714,2.57142857142857,3,30, ,1,1,2
130,COVID,2,1,2,3,2,4,3,5,3,4.66666666666667,3.66666666666667,3.77777777777778,3,3.42857142857143,3.42857142857143,27.5,42,3,9,15
131,COVID,2, ,0, , , , , , , , , , , , , , , , , 
132,COVID,2, ,0, , , , , , , , , , , , , , , , , 
133,COVID,2, ,0, , , , , , , , , , , , , , , , , 
134,COVID,2,1,0, , , , , , , , , , , , , , , , , 
135,COVID,2,1,0,2,1,2,3,3,1,6.66666666666667,5.66666666666667,4.44444444444444,2.42857142857143,2.14285714285714,3.28571428571429,58.5,29,1.66666666666667,5,5
136,COVID,2, ,0, , , , , , , , , , , , , , , , , 
137,COVID,2, ,0, , , , , , , , , , , , , , , , , 
138,COVID,2, ,0, , , , , , , , , , , , , , , , , 
139,COVID,2,2,1,3,3,3,3,5,6,5.66666666666667,6,5.88888888888889,3.57142857142857,4,3.85714285714286,44,53.5,3,9,15
140,COVID,2,1,0,2,3,2,3,2,5.66666666666667,5.66666666666667,6,5.77777777777778,4,4.42857142857143,3.85714285714286,81.5,84,2.33333333333333,7,4.66666666666667
141,COVID,2,1,0,4,3,4,4,5,5.33333333333333,6,5.66666666666667,5.66666666666667,3.71428571428571,3.85714285714286,4.14285714285714,48.5,59,3.66666666666667,14.6666666666667,18.3333333333333
142,COVID,2,2,9,3,2,3,5,3,4.33333333333333,5.66666666666667,4.33333333333333,4.77777777777778,2.71428571428571,3.14285714285714,3.28571428571429,42,37,2.66666666666667,13.3333333333333,8
143,COVID,2, ,0, , , , , , , , , , , , , , , , , 
144,COVID,2,1,1,2,3,2,2,3,1,6,3.66666666666667,3.55555555555556,2.42857142857143,2.28571428571429,2.71428571428571,27.5,21,2.33333333333333,4.66666666666667,7
145,COVID,2, ,0, , , , , , , , , , , , , , , , , 
146,COVID,2, ,0, , , , , , , , , , , , , , , , , 
147,COVID,2,1,0, , , , , , , , , , , , , , , , , 
148,COVID,2,2,0, , , , , , , , , , , , , , , , , 
149,COVID,2, ,0, , , , , , , , , , , , , , , , , 
150,COVID,2, ,0, , , , , , , , , , , , , , , , , 
151,COVID,2,1,0, , , , , , , , , , , , , , , , , 
152,COVID,2, ,0, , , , , , , , , , , , , , , , , 
153,COVID,2,2,0, , , , , , , , , , , , , , , , , 
154,COVID,2, ,0, , , , , , , , , , , , , , , , , 
155,COVID,2,1,0,4,5,4,4,5,2,4,1,2.33333333333333,3.42857142857143,3.42857142857143,3.14285714285714, , ,4.33333333333333,17.3333333333333,21.6666666666667
156,COVID,2,2,0,4,5,2,2,4,1,2.33333333333333,1,1.44444444444444,5.57142857142857,3.28571428571429,3.71428571428571,20.5, ,3.66666666666667,7.33333333333333,14.6666666666667
157,COVID,2, ,0, , , , , , , , , , , , , , , , , 
158,COVID,2,1,1,2,3,2,2,3,1,4.66666666666667,6,3.88888888888889,3.14285714285714,3.14285714285714,2.71428571428571,48.5,40.5,2.33333333333333,4.66666666666667,7
159,COVID,2,2,1,4,5,4,6,7,3.33333333333333,5,5,4.44444444444444,4.85714285714286,4.71428571428571,4.5,73,55.5,4.33333333333333,26,30.3333333333333
160,COVID,2, ,0, , , , , , , , , , , , , , , , , 
161,COVID,2,1,0, , , , , , , , , , , , , , , , , 
162,COVID,2,1,4,5,5,5,5,4,6.66666666666667,3.66666666666667,6.33333333333333,5.55555555555556,3.71428571428571,4.14285714285714,3.85714285714286,68.5, ,5,25,20
163,COVID,2,2,0, , , , , , , , , , , , , , , , , 
164,COVID,2,1,0, , , , , ,2,9,9,6.66666666666667,2.57142857142857,4.42857142857143,2.28571428571429, , , , , 
165,COVID,2,1,0, , , , , ,4.33333333333333,5.33333333333333,5,4.88888888888889,.857142857142857,4.42857142857143,3.42857142857143, , , , , 
166,COVID,2,2,0, , , , , ,1,9,4.33333333333333,4.77777777777778,3,4.28571428571429,4.71428571428571, , , , , 
167,COVID,2,2,0, , , , , ,1,5,1.33333333333333,2.44444444444444,3.85714285714286,4.71428571428571,5, , , , , 
168,COVID,2,2,0, , , , , ,2,9,3.33333333333333,4.77777777777778,3.14285714285714,4.42857142857143,3.28571428571429, , , , , 
169,COVID,2,1,0, , , , , , , , , , , , , , , , , 
170,COVID,2,2,0, , , , , , , , , , , , , , , , , 
171,COVID,2,1,0, , , , , , , , , , , , , , , , , 
172,COVID,2,2,0, , , , , , , , , , , , , , , , , 
173,COVID,2,2,0, , , , , , , , , , , , , , , , , 
174,COVID,2,1,0, , , , , ,4,9,2.33333333333333,5.11111111111111,2,4.71428571428571,3.57142857142857, , , , , 
175,COVID,2,2,0, , , , , ,3.66666666666667,9,4.66666666666667,5.77777777777778,2.57142857142857,5.28571428571429,4.71428571428571, , , , , 
176,COVID,2,1,0, , , , , ,1.66666666666667,1,1.66666666666667,1.44444444444444,2.42857142857143,4.42857142857143,4.71428571428571, , , , , 
177,COVID,2,1,0, , , , , ,3,9,8,6.66666666666667,1.42857142857143,5.14285714285714,4.14285714285714, , , , , 
178,COVID,2,1,0,3,2,5,1,2,4.66666666666667,8,4.66666666666667,5.77777777777778,1.85714285714286,2.14285714285714,3.42857142857143,15.5,47.5,3.33333333333333,3.33333333333333,6.66666666666667
179,COVID,2, ,0, , , , , , , , , , , , , , , , , 
180,COVID,2, ,0, , , , , , , , , , , , , , , , , 
181,COVID,2,2,6,5,5,5,7,1,1.66666666666667,7.66666666666667,3,4.11111111111111,4.28571428571429,4.71428571428571,4.42857142857143,50, ,5,35,5
182,COVID,2,2,0, , , , , , , , , , , , , , , , , 
183,COVID,2,2,0, , , , , , , , , , , , , , , , , 
184,COVID,2,2,0, , , , , , , , , , , , , , , , , 
185,COVID,2,1,7,3,3,3,4,1,2.66666666666667,7.66666666666667,3.33333333333333,4.55555555555556,2.14285714285714,4,3,45,49.5,3,12,3
186,COVID,2,1,0,5,5,5,7,3,1.33333333333333,1,3.33333333333333,1.88888888888889,4.71428571428571,6,3.57142857142857,45,0,5,35,15
187,COVID,2,1,4,4,4,4,2,2,2.66666666666667,4,2.66666666666667,3.11111111111111,4,5.42857142857143,1.28571428571429,100, ,4,8,8
188,COVID,2,2,7,4,4,4,4,4,1,1,7,3,5.14285714285714,6,5.85714285714286,100, ,4,16,16
189,COVID,2,2,0,3,3,3,1,1,1,9,4.33333333333333,4.77777777777778,2.57142857142857,5.28571428571429,3.14285714285714, , ,3,3,3
190,COVID,2,2,0,4,3,5,7,2,1.33333333333333,6.66666666666667,3,3.66666666666667,2,6,4.57142857142857,1, ,4,28,8
191,COVID,2,1,7,4,4,4,5,1,1.66666666666667,9,3.66666666666667,4.77777777777778,1.28571428571429,4.14285714285714,4.71428571428571,55, ,4,20,4
192,COVID,2,2,0,3,3,5,7,7,2.66666666666667,8,1.66666666666667,4.11111111111111,2,5.28571428571429,4.71428571428571,0,100,3.66666666666667,25.6666666666667,25.6666666666667
193,COVID,2,1,0,3,3,4,2,1,1,8.33333333333333,5.33333333333333,4.88888888888889,1.28571428571429,3.42857142857143,4.71428571428571,100,61.5,3.33333333333333,6.66666666666667,3.33333333333333
194,COVID,2,1,0,4,4,4,6,6,1.33333333333333,3,2,2.11111111111111,3.57142857142857,4.28571428571429,5,35.5,5,4,24,24
195,COVID,2,2,1,5,5,5,4,4,1.33333333333333,1,1,1.11111111111111,5,5.14285714285714,5, , ,5,20,20
196,COVID,2,2,0,4,3,4,2,3,4,9,1,4.66666666666667,2.42857142857143,2.85714285714286,3.57142857142857,10,50,3.66666666666667,7.33333333333333,11
197,COVID,2,1,7,4,3,5,1,1,6,9,4.66666666666667,6.55555555555556,1.28571428571429,4.42857142857143,3.28571428571429,32.5,50,4,4,4
198,COVID,2,1,5,4,4,5,4,1,1.66666666666667,8.33333333333333,5.66666666666667,5.22222222222222,1.28571428571429,5,3.14285714285714,30.5, ,4.33333333333333,17.3333333333333,4.33333333333333
199,COVID,2,1,0,5,5,5,7,7,1.33333333333333,9,6,5.44444444444444,0,2,2.42857142857143,0,0,5,35,35
200,COVID,2,2,5,5,4,5,2,1,2.33333333333333,8,7,5.77777777777778,1.71428571428571,5.71428571428571,5,50,70,4.66666666666667,9.33333333333333,4.66666666666667
201,COVID,2,1,7,5,5,5,4,1,5.33333333333333,7.33333333333333,6,6.22222222222222,2.14285714285714,5.42857142857143,5.28571428571429,0, ,5,20,5
202,COVID,2,1,4,5,5,5,6,5,1,7.33333333333333,7,5.11111111111111,.428571428571429,5.57142857142857,3.42857142857143, , ,5,30,25
203,COVID,2,1,3,3,3,3,4,4,1,3,2,2,3.85714285714286,3.85714285714286,3.71428571428571, , ,3,12,12
204,COVID,2,1,0,3,5,4,4,5,6.33333333333333,6,6,6.11111111111111,3.85714285714286,4.57142857142857,4.14285714285714,80,67,4,16,20
205,COVID,2, ,0, , , , , , , , , , , , , , , , , 
206,COVID,2,2,0,3,3,3,4,4,1.66666666666667,6.33333333333333,1,3,3.71428571428571,6,5.14285714285714, , ,3,12,12
207,COVID,2,2,5,3,3,5,6,2,1.66666666666667,7.33333333333333,2,3.66666666666667,1.71428571428571,3.85714285714286,4.28571428571429,40.5,100,3.66666666666667,22,7.33333333333333
208,COVID,2,1,7,4,3,3,4,4,2.66666666666667,6.33333333333333,1.66666666666667,3.55555555555556,2.71428571428571,4.42857142857143,3.71428571428571,7.5,42,3.33333333333333,13.3333333333333,13.3333333333333
209,COVID,2,2,0,5,4,5,1,1,5,8.66666666666667,5.66666666666667,6.44444444444444,2.28571428571429,3.57142857142857,4.42857142857143,46,55,4.66666666666667,4.66666666666667,4.66666666666667
210,COVID,2,2,0,1,1,1,4,4,2,3.66666666666667,7,4.22222222222222,2.85714285714286,2.28571428571429,2.28571428571429,0,50,1,4,4
211,COVID,2,1,4,5,5,5,4,4,6,8.66666666666667,5.66666666666667,6.77777777777778,2.14285714285714,4.85714285714286,4.71428571428571,6.5,39,5,20,20
212,COVID,2,2,7,4,4,4,6,1,1.66666666666667,3,1.33333333333333,2,1.71428571428571,0,4.14285714285714,100,0,4,24,4
213,COVID,2,1,8,3,3,3,4,4,1.33333333333333,9,3.66666666666667,4.66666666666667,1.57142857142857,4.42857142857143,2.57142857142857,40, ,3,12,12
214,COVID,2,1,5,4,3,5,6,6,1.33333333333333,8.66666666666667,6.66666666666667,5.55555555555555,.571428571428571,4.14285714285714,2.57142857142857,20, ,4,24,24
215,COVID,2, ,0, , , , , , , , , , , , , , , , , 
216,COVID,2,2,0,5,5,5,1,7,1,2.66666666666667,1,1.55555555555556,3.28571428571429,4.85714285714286,5.14285714285714,9.5,50,5,5,35
217,COVID,2, ,0, , , , , , , , , , , , , , , , , 
218,COVID,2,1,0,5,3,4,1,1,1,7,6,4.66666666666667,2.57142857142857,5.14285714285714,3.42857142857143, , ,4,4,4
219,COVID,2,1,4,4,4,4,2,2,3,8.33333333333333,6.66666666666667,6,.142857142857143,3.28571428571429,2.71428571428571,3,2,4,8,8
220,COVID,2,2,0, , , , , , , , , , , , , , , , , 
221,COVID,2,2,0, , , , , ,1.66666666666667,5.66666666666667,6.66666666666667,4.66666666666667,3,2.28571428571429,2.57142857142857, , , , , 
222,COVID,2, ,0, , , , , , , , , , , , , , , , , 
223,COVID,2,2,0, , , , , ,2,3.66666666666667,7.33333333333333,4.33333333333333,3.42857142857143,4.28571428571429,5.42857142857143, , , , , 
224,COVID,2,1,0, , , , , , , , , , , , , , , , , 
225,COVID,2,2,0,3,3,4,2,5,3,4.66666666666667,3,3.55555555555556,3,4.85714285714286,4.14285714285714,97,13,3.33333333333333,6.66666666666667,16.6666666666667
226,COVID,2,1,0,5,5,5,5,1,1.33333333333333,5.66666666666667,1.66666666666667,2.88888888888889,2.14285714285714,5.28571428571429,4.71428571428571,50, ,5,25,5
227,COVID,2, ,0, , , , , , , , , , , , , , , , , 
228,COVID,2,1,0,3,3,3,3,5,1,4,4.66666666666667,3.22222222222222,1,4.42857142857143,4.42857142857143,45,0,3,9,15
229,COVID,2,1,0,4,4,4,7,3,1.66666666666667,8,5,4.88888888888889,.857142857142857,3.42857142857143,1.57142857142857,65.5, ,4,28,12
230,COVID,2,1,7,5,5,5,4,1,2,5,4.33333333333333,3.77777777777778,0,3.28571428571429,2.14285714285714,50, ,5,20,5
231,COVID,2,1,0,4,3,4,4,2,2.33333333333333,6.66666666666667,4,4.33333333333333,2.28571428571429,4.71428571428571,2.71428571428571,35,55,3.66666666666667,14.6666666666667,7.33333333333333
232,COVID,2,2,0,3,3,3,3,3,1,3.66666666666667,1,1.88888888888889,5.14285714285714,6,5.57142857142857,100, ,3,9,9
233,COVID,2,1,5,4,4,4,3,2,4,6,6,5.33333333333333,2.42857142857143,5.57142857142857,2.71428571428571,61,65,4,12,8
234,COVID,2,1,1,2,3,3,4,4,1,1,1.33333333333333,1.11111111111111,3.57142857142857,5,4.28571428571429, , ,2.66666666666667,10.6666666666667,10.6666666666667
235,COVID,2,1,0,4,3,5,1,7,5.33333333333333,9,4,6.11111111111111,1,3.57142857142857,3.14285714285714,0,20,4,4,28
236,COVID,2,1,0,3,3,3,4,7,1.66666666666667,1,1.66666666666667,1.44444444444444,1.14285714285714,3.28571428571429,.571428571428571,0,0,3,12,21
237,COVID,2,1,6,5,3,5,2,7,5.66666666666667,7.66666666666667,2,5.11111111111111,.571428571428571,5.14285714285714,3,100,55,4.33333333333333,8.66666666666667,30.3333333333333
238,COVID,2,2,0,4,4,4,1,7,2,4.33333333333333,3,3.11111111111111,1.71428571428571,5.57142857142857,4.57142857142857, ,32,4,4,28
239,COVID,2,1,0, , , , , , , , , , , , , , , , , 
240,COVID,2,1,0,2,2,2,4,7,6.66666666666667,5.33333333333333,9,7,1.14285714285714,1.57142857142857,5.28571428571429,12,7,2,8,14
241,COVID,2,1,0, , , , , , , , , , , , , , , , , 
242,COVID,2,1,5,5,5,5,5,7,1.66666666666667,8,7.66666666666667,5.77777777777778,1.42857142857143,4.42857142857143,5.14285714285714,100,24,5,25,35
243,COVID,2,1,0,5,5,5,4,1,4.66666666666667,7.66666666666667,5.66666666666667,6,3,5.85714285714286,3.42857142857143,.5,100,5,20,5
244,COVID,2,1,7,4,4,4,4,4,1,1,4,2,3.57142857142857,5.57142857142857,4.14285714285714, , ,4,16,16
245,COVID,2, ,0, , , , , , , , , , , , , , , , , 
246,COVID,2,1,0,2,3,2,4,4,4.33333333333333,4,4.33333333333333,4.22222222222222,4.42857142857143,4.57142857142857,4.14285714285714,1,0,2.33333333333333,9.33333333333333,9.33333333333333
247,COVID,2,1,0,5,5,5,6,5,2,9,5,5.33333333333333,3.28571428571429,5.57142857142857,5.14285714285714,0,50,5,30,25
248,COVID,2,1,7,5,5,5,7,7,2,3.66666666666667,6.33333333333333,4,1.28571428571429,6,5,40,40,5,35,35
249,COVID,2,2,7,3,3,4,2,2,1,1,1,1,4.71428571428571,4.14285714285714,3.57142857142857,80.5, ,3.33333333333333,6.66666666666667,6.66666666666667
250,COVID,2, ,0, , , , , , , , , , , , , , , , , 
251,COVID,2, ,0, , , , , , , , , , , , , , , , , 
252,COVID,2,1,7,5,5,5,6,1,1.33333333333333,3.66666666666667,5,3.33333333333333,1,5,4.42857142857143,50.5,90,5,30,5
253,COVID,2,2,5,5,5,5,1,2,2.33333333333333,7.66666666666667,4,4.66666666666667,2.14285714285714,4.14285714285714,5,0,50,5,5,10
254,COVID,2,2,8,5,5,5,7,2,1.33333333333333,4,1.33333333333333,2.22222222222222,4,5.71428571428571,3.71428571428571, , ,5,35,10
255,COVID,2,2,5,2,2,3,4,2,1,2.33333333333333,2,1.77777777777778,3.85714285714286,3.85714285714286,2.57142857142857,5.5, ,2.33333333333333,9.33333333333333,4.66666666666667
256,COVID,2,1,0,4,4,4,3,3,3,5.66666666666667,3.66666666666667,4.11111111111111,1.57142857142857,3.28571428571429,2.57142857142857,14,32.5,4,12,12
257,COVID,2,1,0,4,3,3,2,2,1.33333333333333,3.66666666666667,3,2.66666666666667,1.14285714285714,4.57142857142857,4.42857142857143, ,35,3.33333333333333,6.66666666666667,6.66666666666667
258,COVID,2,2,7,3,3,3,1,1,6.66666666666667,6.33333333333333,9,7.33333333333333,1.71428571428571,4.28571428571429,4.28571428571429,0,50,3,3,3
259,COVID,2,1,2,2,2,2,4,1,1.66666666666667,5,5,3.88888888888889,2.42857142857143,3.57142857142857,3.28571428571429,100,100,2,8,2
260,COVID,2,2,0,4,4,4,5,7,1.33333333333333,4.33333333333333,2.66666666666667,2.77777777777778,2.28571428571429,4.85714285714286,3.85714285714286, , ,4,20,28
261,COVID,2,2,0,3,2,4,5,3,2,6.33333333333333,3.66666666666667,4,4.28571428571429,4.42857142857143,5.85714285714286,75,100,3,15,9
262,COVID,2, ,0, , , , , , , , , , , , , , , , , 
263,COVID,2,2,0, , , , , , , , , , , , , , , , , 
264,COVID,2,2,6,3,2,5,7,5,2.33333333333333,5,2.33333333333333,3.22222222222222,2,3.28571428571429,3.42857142857143,28.5,59,3.33333333333333,23.3333333333333,16.6666666666667
265,COVID,2,2,0,4,3,4,2,1,2.33333333333333,6.66666666666667,2,3.66666666666667,1.42857142857143,3.85714285714286,2,40,15,3.66666666666667,7.33333333333333,3.66666666666667
266,COVID,2,1,0,4,2,5,4,5,5.66666666666667,9,4.33333333333333,6.33333333333333,1.14285714285714,4.42857142857143,4.42857142857143,0,62.5,3.66666666666667,14.6666666666667,18.3333333333333
267,COVID,2,2,6,4,2,4,7,1,1.33333333333333,3.33333333333333,1.33333333333333,2,3.28571428571429,4,2.85714285714286,10, ,3.33333333333333,23.3333333333333,3.33333333333333
268,COVID,2,1,4,3,3,3,4,5,2.33333333333333,5.66666666666667,2,3.33333333333333,1.57142857142857,4.42857142857143,1.71428571428571,0,90,3,12,15
269,COVID,2,1,0,4,4,5,2,2,2.66666666666667,4.66666666666667,2.33333333333333,3.22222222222222,2.14285714285714,4.85714285714286,4.71428571428571,60, ,4.33333333333333,8.66666666666667,8.66666666666667
270,COVID,2,1,4,2,1,3,4,2,1,7.33333333333333,6.33333333333333,4.88888888888889,1.14285714285714,4.28571428571429,2.71428571428571, , ,2,8,4
271,COVID,2,2,3,3,3,3,3,1,1.33333333333333,2.66666666666667,3.33333333333333,2.44444444444444,3.85714285714286,5,5.14285714285714,46.5, ,3,9,3
272,COVID,2,2,8,4,4,5,5,2,1.33333333333333,1,2,1.44444444444444,5.85714285714286,5.28571428571429,4.57142857142857,75, ,4.33333333333333,21.6666666666667,8.66666666666667
273,COVID,2,2,0,3,3,5,2,2,1.33333333333333,5.33333333333333,4.66666666666667,3.77777777777778,1.42857142857143,3.71428571428571,4.42857142857143,10,80,3.66666666666667,7.33333333333333,7.33333333333333
274,COVID,2,2,0,4,4,4,2,6,2,6,4,4,2.85714285714286,3,3.42857142857143,87.5,79,4,8,24
275,COVID,2,1,0, , , , , , , , , , , , , , , , , 
276,COVID,2,1,0,4,3,3,5,4,2,6.33333333333333,3,3.77777777777778,1.85714285714286,2.28571428571429,1.85714285714286,100,100,3.33333333333333,16.6666666666667,13.3333333333333
277,COVID,2,1,5,5,3,5,2,2,1.33333333333333,7.33333333333333,2.66666666666667,3.77777777777778,0,2.57142857142857,2.28571428571429,100,100,4.33333333333333,8.66666666666667,8.66666666666667
278,COVID,2,1,0,4,4,4,4,2,1,5.33333333333333,4.66666666666667,3.66666666666667,3.14285714285714,3.71428571428571,4.42857142857143,13, ,4,16,8
279,COVID,2,2,3,3,3,3,6,3,1.33333333333333,5.33333333333333,3.66666666666667,3.44444444444444,2.71428571428571,3.71428571428571,3.71428571428571,5,22,3,18,9
280,COVID,2,1,0,4,3,4,4,4,2,4,2,2.66666666666667,3,3,4.57142857142857, , ,3.66666666666667,14.6666666666667,14.6666666666667
281,COVID,2,1,5,3,3,4,4,2,1,3.66666666666667,5.33333333333333,3.33333333333333,2.28571428571429,5.14285714285714,4.14285714285714,100,100,3.33333333333333,13.3333333333333,6.66666666666667
282,COVID,2,1,7,3,3,4,1,1,1,8.33333333333333,5.66666666666667,5,1.42857142857143,3.57142857142857,2.42857142857143, , ,3.33333333333333,3.33333333333333,3.33333333333333
283,COVID,2,2,0,3,3,4,2,2,1.66666666666667,9,5.33333333333333,5.33333333333333,1.42857142857143,4.14285714285714,4.28571428571429,55,90,3.33333333333333,6.66666666666667,6.66666666666667
284,COVID,2,1,3,4,3,4,2,2,1.66666666666667,6.66666666666667,5,4.44444444444444,.857142857142857,4.28571428571429,4,25,57.5,3.66666666666667,7.33333333333333,7.33333333333333
285,COVID,2,1,0, , , , , ,1,3.66666666666667,3.66666666666667,2.77777777777778,2,4,3.14285714285714, , , , , 
286,COVID,2,2,0, , , , , ,1.66666666666667,4,4.66666666666667,3.44444444444444,2.85714285714286,2.57142857142857,3.57142857142857, , , , , 
287,COVID,2,1,0, , , , , , , , , , , , , , , , , 
288,COVID,2,2,0,5,5,5,6,6,1,5.33333333333333,3,3.11111111111111,2,3.57142857142857,2.71428571428571,15,92.5,5,30,30
289,COVID,2, ,0, , , , , , , , , , , , , , , , , 
290,COVID,2, ,0, , , , , , , , , , , , , , , , , 
291,COVID,2,1,0,4,4,5,1,3,2,6.33333333333333,5,4.44444444444444,2.14285714285714,3.71428571428571,3.42857142857143,87.5,75,4.33333333333333,4.33333333333333,13
292,COVID,2,1,0,4,2,5,4,1,1.33333333333333,5,4.33333333333333,3.55555555555556,1.57142857142857,3.57142857142857,3.14285714285714,50.5, ,3.66666666666667,14.6666666666667,3.66666666666667
293,COVID,2,1,0,4,3,3,4,1,6.66666666666667,9,6.33333333333333,7.33333333333333,1.42857142857143,4.85714285714286,4.85714285714286,5,47.5,3.33333333333333,13.3333333333333,3.33333333333333
294,COVID,2,1,0,4,4,4,3,4,2.66666666666667,4.33333333333333,5.33333333333333,4.11111111111111,3.57142857142857,4.57142857142857,5,38.5,40,4,12,16
295,COVID,2, ,0, , , , , , , , , , , , , , , , , 
296,COVID,2, ,0, , , , , , , , , , , , , , , , , 
297,COVID,2, ,0, , , , , , , , , , , , , , , , , 
298,COVID,2,2,0,5,5,4,3,2,1,1,1.33333333333333,1.11111111111111,4.71428571428571,3.57142857142857,5.28571428571429,66.5, ,4.66666666666667,14,9.33333333333333
299,COVID,2,2,0,5,4,5,4,4,1.33333333333333,1,1,1.11111111111111,4.14285714285714,5.14285714285714,2.71428571428571, , ,4.66666666666667,18.6666666666667,18.6666666666667
300,COVID,2,1,3,4,4,4,5,3,2.66666666666667,5,4.33333333333333,4,3.14285714285714,4.57142857142857,5.57142857142857,47,38,4,20,12
301,COVID,2,2,0,5,3,5,2,3,1.66666666666667,7.33333333333333,2.33333333333333,3.77777777777778,2.57142857142857,3,5, , ,4.33333333333333,8.66666666666667,13
302,COVID,2,1,0,4,3,3,4,1,6.66666666666667,9,5.33333333333333,7,1.57142857142857,5,4.85714285714286,2.5,47.5,3.33333333333333,13.3333333333333,3.33333333333333
303,COVID,2,1,2,4,4,4,4,4,2,6,4.33333333333333,4.11111111111111,5.57142857142857,6,6,39.5,45,4,16,16
304,COVID,2,1,2,5,5,5,5,6,2,7.33333333333333,5,4.77777777777778,1.14285714285714,2.71428571428571,3,77.5,3.5,5,25,30
305,COVID,2,1,2,4,4,3,3,2,1.66666666666667,7,3.66666666666667,4.11111111111111,.857142857142857,3.42857142857143,2.28571428571429,55,60,3.66666666666667,11,7.33333333333333
306,COVID,2,1,0,4,4,4,2,3,4.66666666666667,6,5.66666666666667,5.44444444444445,1.28571428571429,3.57142857142857,3.28571428571429, , ,4,8,12
307,COVID,2,1,0,5,3,5,1,1,1.33333333333333,9,4.66666666666667,5,1.14285714285714,4.14285714285714,4.14285714285714,0,52.5,4.33333333333333,4.33333333333333,4.33333333333333
308,COVID,2,1,0,3,4,3,6,5,4.33333333333333,6,2.33333333333333,4.22222222222222,.857142857142857,4.71428571428571,4.57142857142857,0,30,3.33333333333333,20,16.6666666666667
309,COVID,2,2,8,4,4,4,4,2,1,5.33333333333333,1.66666666666667,2.66666666666667,3.85714285714286,4.71428571428571,4.14285714285714,50,100,4,16,8
310,COVID,2,2,3,4,3,4,3,2,1.66666666666667,3.66666666666667,4.66666666666667,3.33333333333333,5.42857142857143,4.71428571428571,3.28571428571429, , ,3.66666666666667,11,7.33333333333333
311,COVID,2,1,5,3,3,4,4,2,3.33333333333333,7.33333333333333,5,5.22222222222222,2.28571428571429,5.14285714285714,4.42857142857143,55,90,3.33333333333333,13.3333333333333,6.66666666666667
312,COVID,2,2,0,4,4,5,6,2,1.33333333333333,5.66666666666667,1.66666666666667,2.88888888888889,2.85714285714286,1,5,29.5,50,4.33333333333333,26,8.66666666666667
313,COVID,2,2,7,3,3,5,1,1,6.33333333333333,9,9,8.11111111111111,1.71428571428571,5,4.42857142857143,0,50,3.66666666666667,3.66666666666667,3.66666666666667
314,COVID,2,1,0,4,3,5,7,7,1.33333333333333,6.66666666666667,4.66666666666667,4.22222222222222,.285714285714286,4.42857142857143,4.28571428571429, ,97.5,4,28,28
315,COVID,2,1,0, , , , , , , , , , , , , , , , , 
316,COVID,2, ,0, , , , , , , , , , , , , , , , , 
317,COVID,2,2,0, , , , , ,1.33333333333333,5,2,2.77777777777778,3.14285714285714,5.71428571428571,5.71428571428571, , , , , 
318,COVID,2,2,0, , , , , ,7,6.33333333333333,7,6.77777777777778,5.42857142857143,5.28571428571429,5.42857142857143, , , , , 
319,COVID,2,2,0, , , , , ,2.33333333333333,1,1,1.44444444444444,2.71428571428571,5.85714285714286,1.57142857142857, , , , , 
320,COVID,2,2,0, , , , , ,1.66666666666667,3.33333333333333,2.33333333333333,2.44444444444444,2.85714285714286,2,2.57142857142857, , , , , 
321,COVID,2,2,0, , , , , ,8,6.33333333333333,8,7.44444444444444,5.14285714285714,4.28571428571429,5.28571428571429, , , , , 
322,COVID,2,1,0, , , , , ,1.33333333333333,2,1.33333333333333,1.55555555555556,3.57142857142857,4.42857142857143,3.85714285714286, , , , , 
323,COVID,2,1,0, , , , , ,3.33333333333333,3.66666666666667,4,3.66666666666667,.285714285714286,3.42857142857143,3.71428571428571, , , , , 
324,COVID,2,2,0, , , , , ,1.33333333333333,6.66666666666667,1.33333333333333,3.11111111111111,1.71428571428571,3.85714285714286,4.85714285714286, , , , , 
325,COVID,2,2,0, , , , , ,1,4.33333333333333,2,2.44444444444444,4,4.57142857142857,5, , , , , 
326,COVID,2, ,0, , , , , , , , , , , , , , , , , 
327,COVID,2, ,0, , , , , , , , , , , , , , , , , 
328,COVID,2,1,0,4,4,3,7,6,3,2.66666666666667,2,2.55555555555556,2.57142857142857,5.57142857142857,5.28571428571429, , ,3.66666666666667,25.6666666666667,22
329,COVID,2, ,0, , , , , , , , , , , , , , , , , 
330,COVID,2, ,0, , , , , , , , , , , , , , , , , 
331,COVID,2,1,0,4,4,4,2,3,2,4.66666666666667,4.66666666666667,3.77777777777778,0,0,0,0,38.5,4,8,12
332,COVID,2,2,0,4,4,2,4,2,1,4.33333333333333,1,2.11111111111111,5,3.57142857142857,4.42857142857143, , ,3.33333333333333,13.3333333333333,6.66666666666667
333,COVID,2,1,4,3,3,4,1,2,1.33333333333333,1,1,1.11111111111111,2.71428571428571,4.42857142857143,2.71428571428571,0, ,3.33333333333333,3.33333333333333,6.66666666666667
334,COVID,2,1,6,3,3,2,4,2,7,9,4,6.66666666666667,0,.285714285714286,.571428571428571,2.5,7,2.66666666666667,10.6666666666667,5.33333333333333
335,COVID,2,1,6,4,4,4,2,2,1,1.66666666666667,1.66666666666667,1.44444444444444,5.14285714285714,5.14285714285714,4.71428571428571,1.5,92,4,8,8
336,COVID,2,2,0,3,3,3,3,3,3.33333333333333,4,2,3.11111111111111,1.71428571428571,3.14285714285714,3.14285714285714,49,49,3,9,9
337,COVID,2,1,1,4,2,5,7,1,1.33333333333333,8.33333333333333,5,4.88888888888889,.285714285714286,3.42857142857143,1.71428571428571,0,0,3.66666666666667,25.6666666666667,3.66666666666667
338,COVID,2,3,4,3,3,3,4,4,1,1,1,1,4.14285714285714,4.28571428571429,4.85714285714286,50, ,3,12,12
339,COVID,2, ,0, , , , , , , , , , , , , , , , , 
340,COVID,2, ,0, , , , , , , , , , , , , , , , , 
341,COVID,2, ,0, , , , , , , , , , , , , , , , , 
342,COVID,2,1,6,4,4,4,2,2,5.66666666666667,7.66666666666667,4,5.77777777777778,.142857142857143,0,1.14285714285714,0,25,4,8,8
343,COVID,2,1,0,3,3,4,2,2,4,7,5.66666666666667,5.55555555555556,.571428571428571,1.42857142857143,1.71428571428571,0,25.5,3.33333333333333,6.66666666666667,6.66666666666667
344,COVID,2,1,7,4,4,5,1,1,1.33333333333333,2.33333333333333,1,1.55555555555556,2.14285714285714,4.57142857142857,4.28571428571429,0, ,4.33333333333333,4.33333333333333,4.33333333333333
345,COVID,2,1,7,5,5,5,4,4,1.33333333333333,1.33333333333333,1,1.22222222222222,2.14285714285714,6,3.28571428571429,25, ,5,20,20
346,COVID,2,1,0,4,3,3,4,6,6.33333333333333,6.66666666666667,7,6.66666666666667,4.28571428571429,4.28571428571429,4.28571428571429,48.5,63,3.33333333333333,13.3333333333333,20
347,COVID,2,2,0,3,2,3,2,3,1.33333333333333,3.66666666666667,1,2,3.28571428571429,3.57142857142857,3.85714285714286,5.5,21.5,2.66666666666667,5.33333333333333,8
348,COVID,2,1,3,4,1,4,6,2,1.33333333333333,6,3,3.44444444444444,3.14285714285714,4,2,34,43,3,18,6
349,COVID,2,2,6,5,5,5,1,1,1.66666666666667,1,2,1.55555555555556,3.57142857142857,.428571428571429,3.42857142857143,48.5, ,5,5,5
350,COVID,2,2,0,3,4,3,2,1,6.33333333333333,4,5.66666666666667,5.33333333333333,3.71428571428571,4.57142857142857,4.14285714285714,27,45.5,3.33333333333333,6.66666666666667,3.33333333333333
351,COVID,2,1,0,4,3,4,1,3,5.66666666666667,8.66666666666667,2,5.44444444444444,.714285714285714,5.85714285714286,4.28571428571429,92,46,3.66666666666667,3.66666666666667,11
352,COVID,2, ,0, , , , , , , , , , , , , , , , , 
353,COVID,2,1,0,4,5,3,5,1,6,4,6.66666666666667,5.55555555555556,3.85714285714286,1.71428571428571,2.57142857142857,3,1,4,20,4
354,COVID,2,1,5,3,2,3,4,2,1.33333333333333,1,1.33333333333333,1.22222222222222,4.85714285714286,4.85714285714286,4.28571428571429, , ,2.66666666666667,10.6666666666667,5.33333333333333
355,COVID,2,2,3,3,3,4,1,4,1,1.66666666666667,1.33333333333333,1.33333333333333,3.71428571428571,2,2.57142857142857,0, ,3.33333333333333,3.33333333333333,13.3333333333333
356,COVID,2,2,5,3,4,4,1,1,1,7.33333333333333,5,4.44444444444444,2.71428571428571,3,3.85714285714286,76,27,3.66666666666667,3.66666666666667,3.66666666666667
357,COVID,2,1,6,4,4,4,4,1,2,7.33333333333333,5,4.77777777777778,.142857142857143,4.42857142857143,2.42857142857143,0,84.5,4,16,4
358,COVID,2,1,2,3,2,5,7,7,7.66666666666667,9,3.66666666666667,6.77777777777778,2.28571428571429,4.42857142857143,4.85714285714286,0, ,3.33333333333333,23.3333333333333,23.3333333333333
359,COVID,2,2,0,5,5,5,1,1,6.66666666666667,9,6.33333333333333,7.33333333333333,.285714285714286,4.28571428571429,4.28571428571429,0,50,5,5,5
360,COVID,2, ,0, , , , , , , , , , , , , , , , , 
361,COVID,2,1,1,2,5,3,3,3,5.66666666666667,4.66666666666667,5.33333333333333,5.22222222222222,3.42857142857143,3.71428571428571,3.85714285714286,59,60,3.33333333333333,10,10
362,COVID,2,2,7,5,5,5,1,1,2.33333333333333,1,1,1.44444444444444,3.14285714285714,4.57142857142857,3.57142857142857,5,97.5,5,5,5
363,COVID,2,2,8,5,5,5,4,4,3.33333333333333,9,6.66666666666667,6.33333333333333,1,4.71428571428571,3.14285714285714,0,55,5,20,20
364,COVID,2, ,0, , , , , , , , , , , , , , , , , 
365,COVID,2,1,4,1,1,3,3,2,2,5.33333333333333,6.66666666666667,4.66666666666667,2,2.14285714285714,1.57142857142857,28.5,23,1.66666666666667,5,3.33333333333333
366,COVID,2,1,2,5,5,5,4,1,1,3.66666666666667,1,1.88888888888889,2.57142857142857,6,5.57142857142857,0, ,5,20,5
367,COVID,2, ,0, , , , , , , , , , , , , , , , , 
368,COVID,2,2,0,3,3,4,2,2,1,3.66666666666667,1,1.88888888888889,3.57142857142857,1.85714285714286,3, , ,3.33333333333333,6.66666666666667,6.66666666666667
369,COVID,2,2,0,3,3,4,1,1,1.33333333333333,1,2,1.44444444444444,3,5.14285714285714,3.85714285714286,0, ,3.33333333333333,3.33333333333333,3.33333333333333
370,COVID,2,1,4,5,5,3,4,4,1,1.66666666666667,2,1.55555555555556,3.85714285714286,3.85714285714286,4.57142857142857, , ,4.33333333333333,17.3333333333333,17.3333333333333
371,COVID,2,1,0,3,3,4,1,1,1.33333333333333,8,4.66666666666667,4.66666666666667,.714285714285714,4.14285714285714,3,55,100,3.33333333333333,3.33333333333333,3.33333333333333
372,COVID,2,2,7,4,4,5,1,1,3,4,3.33333333333333,3.44444444444444,2.71428571428571,5.42857142857143,2.85714285714286,0,91.5,4.33333333333333,4.33333333333333,4.33333333333333
373,COVID,2,2,0,3,2,4,6,1,2,7,2.33333333333333,3.77777777777778,2.28571428571429,3.71428571428571,3.85714285714286,0,25.5,3,18,3
374,COVID,2,1,0, , , , , , , , , , , , , , , , , 
375,COVID,2, ,0, , , , , , , , , , , , , , , , , 
376,COVID,2, ,0, , , , , , , , , , , , , , , , , 
377,COVID,2,2,3,4,3,5,3,1,6.33333333333333,7.33333333333333,5.66666666666667,6.44444444444444,4.14285714285714,4,3.28571428571429,69.5,51,4,12,4
378,COVID,2,2,5,4,4,4,2,2,2.33333333333333,2,1,1.77777777777778,4.57142857142857,4,5.14285714285714, , ,4,8,8
379,COVID,2,2,0, , , , , , , , , , , , , , , , , 
380,COVID,2,1,0, , , , , , , , , , , , , , , , , 
381,COVID,2,1,9,5,5,5,1,1,2,4,1.33333333333333,2.44444444444444,.285714285714286,0,4.28571428571429,100, ,5,5,5
382,COVID,2,1,0, , , , , , , , , , , , , , , , , 
383,COVID,2,2,0, , , , , , , , , , , , , , , , , 
384,COVID,2,2,0, , , , , ,1.33333333333333,1,1,1.11111111111111,5.42857142857143,3.71428571428571,4.14285714285714, , , , , 
385,COVID,2,2,9,3,3,4,4,4,1.33333333333333,1,1,1.11111111111111,4.28571428571429,5.14285714285714,3,0,0,3.33333333333333,13.3333333333333,13.3333333333333
386,COVID,2,1,0,2,3,2,3,2,5.33333333333333,4,5,4.77777777777778,1.85714285714286,3.85714285714286,3,36.5,25,2.33333333333333,7,4.66666666666667
387,COVID,2,1,0,4,4,4,4,2,6,7.33333333333333,4,5.77777777777778,2,4.85714285714286,5.42857142857143, ,53.5,4,16,8
388,COVID,2,1,7,3,3,3,4,4,1.66666666666667,3.33333333333333,2,2.33333333333333,3.71428571428571,3.14285714285714,4.14285714285714, , ,3,12,12
389,COVID,2,1,7,5,5,5,2,6,3.33333333333333,3.66666666666667,2,3,.857142857142857,0,3,0,35,5,10,30
390,COVID,2,1,0, , , , , , , , , , , , , , , , , 
391,COVID,2,1,0,3,3,3,4,4,3,8,5,5.33333333333333,.857142857142857,2.85714285714286,3.42857142857143,38.5,100,3,12,12
392,COVID,2,1,1,4,2,4,4,1,2.33333333333333,7,4,4.44444444444444,.142857142857143,3.14285714285714,1.57142857142857,0,50,3.33333333333333,13.3333333333333,3.33333333333333
393,COVID,2,1,0,2,2,2,7,7,1.33333333333333,5.66666666666667,7,4.66666666666667,.285714285714286,1.14285714285714,4,0, ,2,14,14
394,COVID,2,2,5,4,4,5,1,2,2.66666666666667,4.33333333333333,4.66666666666667,3.88888888888889,3.28571428571429,5.85714285714286,4.85714285714286,0,50,4.33333333333333,4.33333333333333,8.66666666666667
395,COVID,2, ,0, , , , , , , , , , , , , , , , , 
396,COVID,2,1,6,4,3,4,5,1,2.33333333333333,7,3.66666666666667,4.33333333333333,.142857142857143,3.28571428571429,2.14285714285714,25,50,3.66666666666667,18.3333333333333,3.66666666666667
397,COVID,2, ,0, , , , , , , , , , , , , , , , , 
398,COVID,2, ,0, , , , , , , , , , , , , , , , , 
399,COVID,2,1,3,4,3,4,4,3,2,5,6.66666666666667,4.55555555555556,3.42857142857143,5.57142857142857,4,11,3,3.66666666666667,14.6666666666667,11
400,COVID,2,2,0, , , , , ,2,8.33333333333333,3,4.44444444444444,.571428571428571,2.57142857142857,6, , , , , 
401,COVID,2,1,0,2,2,2,3,3,4,9,2,5,2,2.85714285714286,2.85714285714286,57,52.5,2,6,6
402,COVID,2,2,0,5,5,5,7,7,2.33333333333333,9,2.33333333333333,4.55555555555556,.142857142857143,2,5.14285714285714,1,100,5,35,35
403,COVID,2,2,0,5,5,5,7,7,1.33333333333333,1,1,1.11111111111111,5.42857142857143,3.57142857142857,3.71428571428571, , ,5,35,35
404,ES,1, ,7,3,3,4,5,2,2,6.66666666666667,4.66666666666667,4.44444444444444,3.71428571428571,2.14285714285714,5.71428571428571,90,40,3.33333333333333,16.6666666666667,6.66666666666667
405,ES,1, ,5,4,1,5,3,1,2,2.33333333333333,1,1.77777777777778,4.42857142857143,4.71428571428571,3.71428571428571, , ,3.33333333333333,10,3.33333333333333
406,ES,1, ,5,3,3,5,2,6,2.33333333333333,1.66666666666667,1.33333333333333,1.77777777777778,5.85714285714286,5.57142857142857,4.28571428571429, , ,3.66666666666667,7.33333333333333,22
407,ES,1, ,3,3,1,5,1,4,1.66666666666667,4.33333333333333,2,2.66666666666667,4.14285714285714,5.85714285714286,4,10, ,3,3,12
408,ES,1, ,6,3,1,3,4,1,2.66666666666667,5,6,4.55555555555556,3,3.85714285714286,3.14285714285714,30,40,2.33333333333333,9.33333333333333,2.33333333333333
409,ES,1, ,6,3,1,3,1,1,5,6,2.66666666666667,4.55555555555556,4.42857142857143,4.28571428571429,5,0,4.5,2.33333333333333,2.33333333333333,2.33333333333333
410,ES,1, ,9,3,2,4,2,6,1,5.33333333333333,6.33333333333333,4.22222222222222,2,5.14285714285714,5, , ,3,6,18
411,ES,1, ,0,5,5,5,1,1,2,6.33333333333333,1.66666666666667,3.33333333333333,4.71428571428571,6,2.85714285714286, , ,5,5,5
412,ES,1, ,3,3,2,5,1,1,1,6.33333333333333,3.33333333333333,3.55555555555556,3.71428571428571,3.42857142857143,5.42857142857143, , ,3.33333333333333,3.33333333333333,3.33333333333333
413,ES,1, ,8,4,3,5, ,2,1.33333333333333,2,1.33333333333333,1.55555555555556,4.28571428571429,3.71428571428571,5,30.5, ,4, ,8
414,ES,1, ,4,3,1,3,3,5,1,4.33333333333333,3.66666666666667,3,2.85714285714286,5.28571428571429,4.42857142857143, , ,2.33333333333333,7,11.6666666666667
415,ES,1, ,4,3,3,4,4,1,2,5.33333333333333,3.33333333333333,3.55555555555556,3.71428571428571,5.14285714285714,3.85714285714286, , ,3.33333333333333,13.3333333333333,3.33333333333333
416,ES,1, ,0,4,3,4,5,5,1.33333333333333,2.33333333333333,1.66666666666667,1.77777777777778,4.14285714285714,6,4.42857142857143,99.5, ,3.66666666666667,18.3333333333333,18.3333333333333
417,ES,1, ,0,3,3,3,2,4,1,4.66666666666667,1.33333333333333,2.33333333333333,4.57142857142857,3.85714285714286,3.85714285714286, , ,3,6,12
418,ES,1, ,6,4,4,5,4,5,1.33333333333333,3.33333333333333,4,2.88888888888889,3.85714285714286,4.71428571428571,2.85714285714286,9, ,4.33333333333333,17.3333333333333,21.6666666666667
419,ES,1, ,7,3,3,3,4,4,1.66666666666667,3,1.66666666666667,2.11111111111111,4.28571428571429,3.42857142857143,3, , ,3,12,12
420,ES,1, ,0,3,3,3,5,1,1,2.33333333333333,2.33333333333333,1.88888888888889,4.71428571428571,5.42857142857143,4.71428571428571, , ,3,15,3
421,ES,1, ,4,4,2,5,2,5,1.33333333333333,3,3,2.44444444444444,5,3.14285714285714,4.57142857142857, , ,3.66666666666667,7.33333333333333,18.3333333333333
422,ES,1, ,8,3,3,3,4,4,1,3.66666666666667,3,2.55555555555556,4.85714285714286,6,6, , ,3,12,12
423,ES,1, ,5,3,3,4,4,2,1.66666666666667,3,5,3.22222222222222,2.14285714285714,3.14285714285714,4,93.5, ,3.33333333333333,13.3333333333333,6.66666666666667
424,ES,1, ,3,3,2,4,7,7,1,1.66666666666667,1.66666666666667,1.44444444444444,5.28571428571429,3.71428571428571,5.57142857142857, , ,3,21,21
425,ES,1, ,0,4,3,4,4,5,1.33333333333333,4.66666666666667,5.33333333333333,3.77777777777778,2.42857142857143,5,4.71428571428571,4.5,2,3.66666666666667,14.6666666666667,18.3333333333333
426,ES,1, ,7,3,2,4,6,7,2,6.33333333333333,4,4.11111111111111,1.85714285714286,5.28571428571429,4, ,50,3,18,21
427,ES,1, ,7,3,2,5,7,1,1.66666666666667,2.33333333333333,1.66666666666667,1.88888888888889,4.42857142857143,4.85714285714286,5,100, ,3.33333333333333,23.3333333333333,3.33333333333333
428,ES,1, ,6,3,2,3,4,5,3.33333333333333,5,4.33333333333333,4.22222222222222,1.85714285714286,4,3.85714285714286, , ,2.66666666666667,10.6666666666667,13.3333333333333
429,ES,1, ,9,3,2,4, ,3,1.66666666666667, ,2.66666666666667,2.16666666666667,4,4.85714285714286,4.42857142857143,35.5, ,3, ,9
430,ES,1, ,7,4,3,5,1,1,1,5,1.66666666666667,2.55555555555556,5,4.14285714285714,5, , ,4,4,4
431,ES,1, ,7,5,3,5,4,2,2,7.33333333333333,7,5.44444444444444,1.71428571428571,4.28571428571429,5,35,35,4.33333333333333,17.3333333333333,8.66666666666667
432,ES,1, ,9,5,5,5,1,1,1.66666666666667,4,6,3.88888888888889,1.71428571428571,5,5.14285714285714,100,100,5,5,5
433,ES,1, ,0,3,3,5,1,7,3,6.66666666666667,5.66666666666667,5.11111111111111,2.57142857142857,5.28571428571429,4.57142857142857, , ,3.66666666666667,3.66666666666667,25.6666666666667
434,ES,1, ,8,4,3,4,3,2,3,4.33333333333333,4.33333333333333,3.88888888888889,3.14285714285714,5.14285714285714,4.28571428571429,54.5,46,3.66666666666667,11,7.33333333333333
435,ES,1, ,8,4,3,5,1,2,3.66666666666667,7.66666666666667,6.33333333333333,5.88888888888889,.571428571428571,5,3.14285714285714,100,60.5,4,4,8
436,ES,1, ,5,4,3,4,7,1,2.33333333333333,2,7.33333333333333,3.88888888888889,4,3.71428571428571,5.85714285714286,85.5,64,3.66666666666667,25.6666666666667,3.66666666666667
437,ES,1, ,6,3,3,3,2,5,1.33333333333333,3.33333333333333,1.33333333333333,2,5,3,3.57142857142857, , ,3,6,15
438,ES,1, ,0,2,2,3,7,4,1,4,3,2.66666666666667,3.71428571428571,5.14285714285714,4.42857142857143, , ,2.33333333333333,16.3333333333333,9.33333333333333
439,ES,1, ,1,3,3,4,5,1,3.66666666666667,5,1.66666666666667,3.44444444444444,4.28571428571429,5.14285714285714,3.57142857142857,95,8,3.33333333333333,16.6666666666667,3.33333333333333
440,ES,1, ,7,3,3,5,7,1,4,5.33333333333333,1.66666666666667,3.66666666666667,2.42857142857143,3.85714285714286,4.14285714285714,0,81,3.66666666666667,25.6666666666667,3.66666666666667
441,ES,1, ,5,4,4,3,7,4,7,2.33333333333333,6,5.11111111111111,4.28571428571429,5.28571428571429,4.71428571428571,55,75,3.66666666666667,25.6666666666667,14.6666666666667
442,ES,1, ,8,3,2,2,4,2,3,4.66666666666667,2,3.22222222222222,4,5,3.42857142857143, , ,2.33333333333333,9.33333333333333,4.66666666666667
443,ES,1, ,7,4,3,5,4,4,1,4,6.33333333333333,3.77777777777778,3,3.57142857142857,3.14285714285714, , ,4,16,16
444,ES,1, ,0,1,1,1,5,5,1.66666666666667,5.66666666666667,3,3.44444444444444,5.14285714285714,5.71428571428571,6, , ,1,5,5
445,ES,1, ,7,4,3,5,1,1,1,1.66666666666667,3.66666666666667,2.11111111111111,5,5.57142857142857,5.28571428571429, , ,4,4,4
446,ES,1, ,3,4,2,5,5,2,1,4.33333333333333,2.66666666666667,2.66666666666667,4.14285714285714,3.85714285714286,3.28571428571429, , ,3.66666666666667,18.3333333333333,7.33333333333333
447,ES,1, ,0,4,3,5,5,1,1.33333333333333,1.66666666666667,2,1.66666666666667,2.42857142857143,4.85714285714286,3.42857142857143,100, ,4,20,4
448,ES,1, ,6,3,4,5,1,1,2.66666666666667,3,1.66666666666667,2.44444444444444,2.57142857142857,5,4.85714285714286,100,15,4,4,4
449,ES,1, ,9,3,3,3,5,5,1.66666666666667,5.66666666666667,9,5.44444444444445,4.28571428571429,3.57142857142857,4.85714285714286,100,100,3,15,15
450,ES,1, ,0,3,2,4,7,5,1.66666666666667,1.66666666666667,1.33333333333333,1.55555555555556,3.85714285714286,4.28571428571429,4.14285714285714, , ,3,21,15
451,ES,1, ,6,3,3,4,3,3,1,2,1,1.33333333333333,5.57142857142857,5.28571428571429,5.57142857142857, , ,3.33333333333333,10,10
452,ES,1, ,5,3,1,4,1,1,1,7.66666666666667,4,4.22222222222222,1.85714285714286,1.42857142857143,3.42857142857143, , ,2.66666666666667,2.66666666666667,2.66666666666667
453,ES,1, ,6,4,3,4,4,1,4.33333333333333,6.33333333333333,5,5.22222222222222,3.28571428571429,4.28571428571429,5,37.5,45,3.66666666666667,14.6666666666667,3.66666666666667
454,ES,1, ,8,4,4,5,4,4,2.66666666666667,5,7,4.88888888888889,3.57142857142857,3,3.42857142857143,35.5, ,4.33333333333333,17.3333333333333,17.3333333333333
455,ES,1, ,4,5,3,5,4,1,6.33333333333333,5.33333333333333,3,4.88888888888889,2.71428571428571,4.85714285714286,4.42857142857143,1,3,4.33333333333333,17.3333333333333,4.33333333333333
456,ES,1, ,6,2,1,4,5,1,2.33333333333333,5.33333333333333,6.33333333333333,4.66666666666667,4.28571428571429,5.14285714285714,5.85714285714286,40,50,2.33333333333333,11.6666666666667,2.33333333333333
457,ES,1, ,7,3,2,5,5,1,1.33333333333333,2,1.66666666666667,1.66666666666667,5.28571428571429,4.42857142857143,4.71428571428571,52.5, ,3.33333333333333,16.6666666666667,3.33333333333333
458,ES,1, ,6,4,3,5,4,4,1,4,3,2.66666666666667,3.85714285714286,5.42857142857143,3.57142857142857, , ,4,16,16
459,ES,1, ,8,5,3,5,2,4,3.66666666666667,5.33333333333333,7.66666666666667,5.55555555555556,4.85714285714286,3.14285714285714,3.14285714285714,42.5,45,4.33333333333333,8.66666666666667,17.3333333333333
460,ES,1, ,1,2,1,3,7,7,1,2,1.33333333333333,1.44444444444444,5.14285714285714,5.14285714285714,4.28571428571429, , ,2,14,14
461,ES,1, ,9,3,2,4,6,1,1.33333333333333,2.33333333333333,1,1.55555555555556,6,4.42857142857143,3.85714285714286, , ,3,18,3
462,ES,1, ,0,4,2,4,4,1,1,3.33333333333333,1.66666666666667,2,2.28571428571429,4.85714285714286,3.57142857142857, , ,3.33333333333333,13.3333333333333,3.33333333333333
463,ES,1, ,3,3,2,3,7,2,1,5.66666666666667,3,3.22222222222222,2.85714285714286,4.57142857142857,5.42857142857143, , ,2.66666666666667,18.6666666666667,5.33333333333333
464,ES,1, ,5,5,3,4,4,4,1,2.33333333333333,1.33333333333333,1.55555555555556,5.42857142857143,5.28571428571429,5.14285714285714, , ,4,16,16
465,ES,1, ,3,2,2,5,4,2,2,5.66666666666667,2.66666666666667,3.44444444444444,1.85714285714286,5.42857142857143,4.57142857142857,10,75,3,12,6
466,ES,1, ,4,4,5,5,3,2,3,6.33333333333333,7,5.44444444444444,3,5.71428571428571,4.14285714285714, ,45,4.66666666666667,14,9.33333333333333
467,ES,1, ,5,4,4,4,4,4,1.33333333333333,2.33333333333333,1,1.55555555555556,5.28571428571429,6,4.14285714285714, , ,4,16,16
468,ES,1, ,9,4,4,5,6,3,1.33333333333333,2.33333333333333,1,1.55555555555556,5.85714285714286,5.42857142857143,3.85714285714286, , ,4.33333333333333,26,13
469,ES,1, ,7,3,2,3,6,4,1,3.66666666666667,1.33333333333333,2,5.85714285714286,4.57142857142857,5.57142857142857, , ,2.66666666666667,16,10.6666666666667
470,ES,1, ,0,3,3,4,6,6,1.66666666666667,3,2,2.22222222222222,2.71428571428571,4.85714285714286,4.42857142857143, , ,3.33333333333333,20,20
471,ES,1, ,0,3,3,3,7,7,1.66666666666667,1.66666666666667,1,1.44444444444444,3.85714285714286,4.28571428571429,2.85714285714286,100, ,3,21,21
472,ES,1, ,0,2,2,3,5, ,1,2.66666666666667,1.33333333333333,1.66666666666667,5.42857142857143,5.14285714285714,4.57142857142857, , ,2.33333333333333,11.6666666666667, 
473,ES,1, ,5,5,4,4,4,5,5,5.66666666666667,6,5.55555555555556,1.85714285714286,5.42857142857143,3.57142857142857,15.5,73.5,4.33333333333333,17.3333333333333,21.6666666666667
474,ES,1, ,6,3,1,3,1,1,2.33333333333333,4.33333333333333,1.66666666666667,2.77777777777778,3.85714285714286,5.71428571428571,4.28571428571429,1, ,2.33333333333333,2.33333333333333,2.33333333333333
475,ES,1, ,3,2,3,5,4,4,1,2.66666666666667,2,1.88888888888889,3.57142857142857,4.28571428571429,3, , ,3.33333333333333,13.3333333333333,13.3333333333333
476,ES,1, ,6,3,2,4,6,1,4.33333333333333,6,2.33333333333333,4.22222222222222,2.28571428571429,5,2.85714285714286,3,6,3,18,3
477,ES,1, ,7,2,2,4,4,4,1,6,5.33333333333333,4.11111111111111,1.42857142857143,3.42857142857143,2, , ,2.66666666666667,10.6666666666667,10.6666666666667
478,ES,1, ,8,5,3,5,1,4,6.33333333333333,6,3.33333333333333,5.22222222222222,.857142857142857,4.14285714285714,4.85714285714286,30, ,4.33333333333333,4.33333333333333,17.3333333333333
479,ES,1, ,9,3,3, ,1,1,4.66666666666667,6,2,4.22222222222222,.857142857142857,4.85714285714286,3.57142857142857,50,57.5, , , 
480,ES,1, ,0,3,2,3,7,7,1,1.66666666666667,3.33333333333333,2,5.85714285714286,4.85714285714286,4.28571428571429, , ,2.66666666666667,18.6666666666667,18.6666666666667
481,ES,1, ,8,3,3,5,7,3,1,1.66666666666667,3.33333333333333,2,5.85714285714286,3.85714285714286,1.85714285714286, , ,3.66666666666667,25.6666666666667,11
482,ES,1, ,0,3,3,4,2,2,1.33333333333333,3.33333333333333,2,2.22222222222222,3.42857142857143,5.85714285714286,4.42857142857143, , ,3.33333333333333,6.66666666666667,6.66666666666667
483,ES,1, ,5,2,2,3,7,1,3.33333333333333,5.66666666666667,2.33333333333333,3.77777777777778,3.42857142857143,3.57142857142857,3.85714285714286,40,20,2.33333333333333,16.3333333333333,2.33333333333333
484,ES,1, ,0,5,4,4,1,1,4,6.66666666666667,3,4.55555555555556,2.28571428571429,5,4.14285714285714, ,55,4.33333333333333,4.33333333333333,4.33333333333333
485,ES,1, ,0,3,3,3,4,2,3.33333333333333,4.66666666666667,2.33333333333333,3.44444444444444,2.85714285714286,4.28571428571429,4.28571428571429,5,5,3,12,6
486,ES,1, ,8,5,5,5,1,7,1.33333333333333,7.66666666666667,9,6,1.42857142857143,5,3.42857142857143,0,50,5,5,35
487,ES,1, ,9,5,5,5,1,1,1.66666666666667,4,1,2.22222222222222,4.71428571428571,6,4.28571428571429,98.5, ,5,5,5
488,ES,1, ,0,2,2,2,7,7,3.33333333333333,5.66666666666667,3.66666666666667,4.22222222222222,1.28571428571429,3.85714285714286,3.14285714285714,15,15.5,2,14,14
489,ES,1, ,1,4,4,5,1,7,4.33333333333333,4,5.66666666666667,4.66666666666667,4.42857142857143,2.85714285714286,3, , ,4.33333333333333,4.33333333333333,30.3333333333333
490,ES,1, ,8,3,2,4,4,4,1,4.33333333333333,2,2.44444444444444,4,5.42857142857143,4.71428571428571, , ,3,12,12
491,ES,1, ,0,4,4,5,1,3,1.66666666666667,4,5.33333333333333,3.66666666666667,2.28571428571429,5.28571428571429,4.85714285714286, ,41,4.33333333333333,4.33333333333333,13
492,ES,1, ,8,5,5,3,4,3,6.66666666666667,3.33333333333333,2.66666666666667,4.22222222222222,2.28571428571429,4.71428571428571,4.14285714285714, , ,4.33333333333333,17.3333333333333,13
493,ES,1, ,0,3,3,3,6,3,2.33333333333333,3,2.33333333333333,2.55555555555556,4.71428571428571,5.42857142857143,4.57142857142857,75, ,3,18,9
494,ES,1, ,4,4,4,4,4,7,2.33333333333333,6,7,5.11111111111111,1.14285714285714,4.42857142857143,4.57142857142857, , ,4,16,28
495,ES,1, ,1,4,3,4,2,2,2,4,4.33333333333333,3.44444444444444,5.71428571428571,6,4.71428571428571, , ,3.66666666666667,7.33333333333333,7.33333333333333
496,ES,1, ,6,3,3,4,7,1,1.66666666666667,3,1.33333333333333,2,5.28571428571429,4.85714285714286,4.28571428571429,50, ,3.33333333333333,23.3333333333333,3.33333333333333
497,ES,1, ,4,4,3,5,1,5,5,6.66666666666667,7,6.22222222222222,1.85714285714286,4.14285714285714,3.28571428571429, , ,4,4,20
498,ES,1, ,6,4,3,5,1,2,4.66666666666667,5.33333333333333,6,5.33333333333333,1,4.85714285714286,4.14285714285714,100, ,4,4,8
499,ES,1, ,0,2,1,3,3,3,2.66666666666667,5.66666666666667,4,4.11111111111111,2,3.57142857142857,3.28571428571429,43.5,48.5,2,6,6
500,ES,1, ,0,3,1,1,2,2,1.66666666666667,1.66666666666667,1,1.44444444444444,4.14285714285714,4.85714285714286,3.14285714285714, , ,1.66666666666667,3.33333333333333,3.33333333333333
501,ES,1, ,0,3,3,4,2,3,2.33333333333333,5.66666666666667,4.33333333333333,4.11111111111111,1.28571428571429,3,4,35,17.5,3.33333333333333,6.66666666666667,10
502,ES,1, ,5,2,2,2,4,3,2,5.33333333333333,2,3.11111111111111,2.71428571428571,3.42857142857143,4, , ,2,8,6
503,ES,1, ,0,2,2,5,1,4,1,1.66666666666667,3.33333333333333,2,5.42857142857143,4,3.14285714285714, , ,3,3,12
504,ES,1, ,0, , , , , , , , , , , , , , , , , 
505,mturk,1,2,0, , , , , , , , , , , , , , , , , 
506,mturk,1,2,1,5,5,5,1,1,2.33333333333333,7.66666666666667,1,3.66666666666667,2.85714285714286,1.71428571428571,5.85714285714286,77.5,29,5,5,5
507,mturk,1,2,0,4,3,4,1,1,2.33333333333333,5.33333333333333,1.33333333333333,3,2.57142857142857,5.71428571428571,5.14285714285714,16,48,3.66666666666667,3.66666666666667,3.66666666666667
508,mturk,1,2,2,4,3,3,5,5,2,4,2,2.66666666666667,2.42857142857143,3.57142857142857,3.42857142857143,78,2,3.33333333333333,16.6666666666667,16.6666666666667
509,mturk,1,2,7,4,3,4,1,1,1.33333333333333,7.33333333333333,4.66666666666667,4.44444444444444,.857142857142857,2.57142857142857,3.42857142857143,8.5, ,3.66666666666667,3.66666666666667,3.66666666666667
510,mturk,1,1,3,5,3,5,1,3,6,5.66666666666667,7,6.22222222222222,5.28571428571429,5.28571428571429,5.28571428571429,58,72,4.33333333333333,4.33333333333333,13
511,mturk,1,2,1,2,3,4,3,2,1,4,1.33333333333333,2.11111111111111,3.71428571428571,5,4.42857142857143, , ,3,9,6
512,mturk,1,2,2,3,2,4,3,3,2,5.66666666666667,5.66666666666667,4.44444444444444,4.28571428571429,4.14285714285714,4.42857142857143,31,46,3,9,9
513,mturk,1,2,3,4,5,5,2,1,8,7.33333333333333,7,7.44444444444444,4.85714285714286,5.57142857142857,5,80.5,85,4.66666666666667,9.33333333333333,4.66666666666667
514,mturk,1,2,0,5,5,5,7,6,1,3.66666666666667,4.33333333333333,3,5,5.28571428571429,5.28571428571429,100, ,5,35,30
515,mturk,1,2,3,5,4,5,1,2,8,5.66666666666667,8,7.22222222222222,5.42857142857143,5.28571428571429,4.71428571428571,86,67,4.66666666666667,4.66666666666667,9.33333333333333
516,mturk,1,2,4,5,5,1,7,1,5.33333333333333,6.33333333333333,6.66666666666667,6.11111111111111,4.28571428571429,3.57142857142857,1.71428571428571, , ,3.66666666666667,25.6666666666667,3.66666666666667
517,mturk,1,1,0, , , , , , , , , , , , , , , , , 
518,mturk,1,1,0,2,3,1,4,4,3.33333333333333,6.33333333333333,4.33333333333333,4.66666666666667,2.14285714285714,2.71428571428571,4.85714285714286,7,19.5,2,8,8
519,mturk,1,2,0, , , , , , , , , , , , , , , , , 
520,mturk,1,1,1,4,4,4,1,1,6.66666666666667,5.66666666666667,7.33333333333333,6.55555555555556,5,4.57142857142857,4.57142857142857,58,56.5,4,4,4
521,mturk,1,1,2,4,5,2,2,3,2.66666666666667,6,8.66666666666667,5.77777777777778,4,4,4,34.5,17.5,3.66666666666667,7.33333333333333,11
522,mturk,1,2,0,5,5,5,1,3,4,7,1,4,2.42857142857143,2.57142857142857,4.14285714285714, , ,5,5,15
523,mturk,1,2,0,4,4,3,6,6,2.33333333333333,5.66666666666667,7,5,2.57142857142857,3.57142857142857,4.71428571428571,60,17.5,3.66666666666667,22,22
524,mturk,1,1,1,4,3,4,6,5,6.66666666666667,6.33333333333333,6.66666666666667,6.55555555555556,4.57142857142857,4.71428571428571,4.28571428571429,50.5,60,3.66666666666667,22,18.3333333333333
525,mturk,1,2,0,3,2,3,5,3,1,2.66666666666667,3,2.22222222222222,3.57142857142857,3.57142857142857,3.42857142857143,24.5, ,2.66666666666667,13.3333333333333,8
526,mturk,1,1,3,4,5,4,1,2,8,6.66666666666667,8,7.55555555555556,5.57142857142857,5.57142857142857,5,74.5,75.5,4.33333333333333,4.33333333333333,8.66666666666667
527,mturk,1,2,5,3,3,4,1,5,1,2,1.33333333333333,1.44444444444444,3,3.28571428571429,2.85714285714286, , ,3.33333333333333,3.33333333333333,16.6666666666667
528,mturk,1,3,4,3,2,3,4,5, , , , , , , ,5,35,2.66666666666667,10.6666666666667,13.3333333333333
529,mturk,1,2,5,5,5,5,1,1,4,8,4.33333333333333,5.44444444444444,1.85714285714286,3.85714285714286,3.28571428571429,12.5,50,5,5,5
530,mturk,1,1,3,4,3,4,5,5,6,4.66666666666667,5.33333333333333,5.33333333333333,4.28571428571429,4,4.57142857142857,26.5,34,3.66666666666667,18.3333333333333,18.3333333333333
531,mturk,1,2,4,4,4,5,1,6,1.66666666666667,2,2.33333333333333,2,2,4.14285714285714,3.71428571428571,1,42,4.33333333333333,4.33333333333333,26
532,mturk,1,1,2,5,4,5,1,2,7.33333333333333,6.66666666666667,8,7.33333333333333,5.28571428571429,5.42857142857143,5.28571428571429,69,70,4.66666666666667,4.66666666666667,9.33333333333333
533,mturk,1,1,1,5,4,4,2,3,7.66666666666667,6,7.66666666666667,7.11111111111111,4.71428571428571,4.57142857142857,4.57142857142857,53.5,63,4.33333333333333,8.66666666666667,13
534,mturk,1,1,2,5,4,3,7,6,8,6.66666666666667,8,7.55555555555556,4.85714285714286,5.14285714285714,5.14285714285714,70,75,4,28,24
535,mturk,1,1,0,2,2,2,4,3,3,4.33333333333333,4.66666666666667,4,1.71428571428571,3,2.71428571428571,38,38.5,2,8,6
536,mturk,1,2,5,4,3,5,1,3,1.33333333333333,4.66666666666667,2,2.66666666666667,2.14285714285714,2.71428571428571,4,36, ,4,4,12
537,mturk,1,1,0,5,5,5,4,4,1.66666666666667,1,5.66666666666667,2.77777777777778,2.57142857142857,3.42857142857143,5.57142857142857,0,50,5,20,20
538,mturk,1,1,2,5,4,4,1,2,8,6.66666666666667,7.66666666666667,7.44444444444445,5.28571428571429,5,5,61.5,65.5,4.33333333333333,4.33333333333333,8.66666666666667
539,mturk,1,1,5,4,4,4,7,6,2.66666666666667,9,8.33333333333333,6.66666666666667,1.71428571428571,4.14285714285714,3.42857142857143,100,100,4,28,24
540,mturk,1,2,7,5,5,5,1,1,1.66666666666667,3.66666666666667,4,3.11111111111111,3.14285714285714,6,4.14285714285714,50, ,5,5,5
541,mturk,1,1,0,4,4,4,6,5,3.33333333333333,6.33333333333333,6.66666666666667,5.44444444444444,3.14285714285714,2.85714285714286,5.71428571428571,55,27.5,4,24,20
542,mturk,1,2,0,4,5,4,2,2,2.33333333333333,6.66666666666667,6,5,3.85714285714286,3.42857142857143,5.42857142857143,77,22.5,4.33333333333333,8.66666666666667,8.66666666666667
543,mturk,1,2,2,3,4,3,4,5,6,5,5,5.33333333333333,3.57142857142857,3.42857142857143,3,70.5, ,3.33333333333333,13.3333333333333,16.6666666666667
544,mturk,1,2,1,3,3,3,4,4,2,3.66666666666667,1,2.22222222222222,6,6,6,89, ,3,12,12
545,mturk,1,1,6,4,2,2,4,2,6.66666666666667,9,5.66666666666667,7.11111111111111,1.14285714285714,3.28571428571429,4.14285714285714, ,45,2.66666666666667,10.6666666666667,5.33333333333333
546,mturk,1,2,1,2,2,2,3,2,8.33333333333333,6.66666666666667,8.33333333333333,7.77777777777778,5.14285714285714,5.42857142857143,5.28571428571429,44.5,45.5,2,6,4
547,mturk,1,2,1,4,3,4,2,4,4.66666666666667,5.66666666666667,6.33333333333333,5.55555555555556,4.85714285714286,4.85714285714286,5.42857142857143,63.5,82,3.66666666666667,7.33333333333333,14.6666666666667
548,mturk,1,3,1,3,3,3,2,2,1,1,6,2.66666666666667,5.14285714285714,4.71428571428571,4.71428571428571, , ,3,6,6
549,mturk,1,2,3,4,4,5,5,5,1.33333333333333,3.66666666666667,1.66666666666667,2.22222222222222,3.28571428571429,3.85714285714286,5.28571428571429,50,50,4.33333333333333,21.6666666666667,21.6666666666667
550,mturk,1,2,5,4,4,5,4,4,1,1.66666666666667,2,1.55555555555556,3.85714285714286,4.71428571428571,4.85714285714286, , ,4.33333333333333,17.3333333333333,17.3333333333333
551,mturk,1,1,0,4,4,4,3,1,1.66666666666667,7.66666666666667,7,5.44444444444445,2.42857142857143,4.28571428571429,5.28571428571429, , ,4,12,4
552,mturk,1,1,0,3,3,4,4,2,2,7.66666666666667,5.66666666666667,5.11111111111111,2,3,3.14285714285714, ,51,3.33333333333333,13.3333333333333,6.66666666666667
553,mturk,1,1,3,2,3,2,5,5,4,4.33333333333333,3.66666666666667,4,2.57142857142857,2.71428571428571,2.28571428571429, , ,2.33333333333333,11.6666666666667,11.6666666666667
554,mturk,1,1,5,3,3,4,4,2,3.66666666666667,9,6.66666666666667,6.44444444444445,2.57142857142857,4.57142857142857,4.71428571428571,41.5,50,3.33333333333333,13.3333333333333,6.66666666666667
555,mturk,1,2,0,3,2,4,7,7,1.33333333333333,1,1,1.11111111111111,6,4.42857142857143,5.14285714285714, , ,3,21,21
556,mturk,1,2,0,4,4,5,5,1,2.33333333333333,4.33333333333333,1.33333333333333,2.66666666666667,3.42857142857143,4.57142857142857,5,79,41.5,4.33333333333333,21.6666666666667,4.33333333333333
557,mturk,1,1,0,5,4,5,2,6,2.33333333333333,4,2.33333333333333,2.88888888888889,2.28571428571429,3.71428571428571,3.14285714285714, ,65,4.66666666666667,9.33333333333333,28
558,mturk,1,2,2,4,4,4,3,2,5.66666666666667,6.33333333333333,8.33333333333333,6.77777777777778,5.42857142857143,5.42857142857143,5.14285714285714,65.5,67,4,12,8
559,mturk,1,2,0,2,3,3,4,3,2,4.33333333333333,4.66666666666667,3.66666666666667,2.14285714285714,2.85714285714286,3.14285714285714,19,23,2.66666666666667,10.6666666666667,8
560,mturk,1,1,0,4,5,3,6,6,6.33333333333333,5.66666666666667,7,6.33333333333333,4.42857142857143,4.57142857142857,3.71428571428571,56,82,4,24,24
561,mturk,1,2,1,4,5,4,4,3,2,4.33333333333333,6,4.11111111111111,4.57142857142857,4.57142857142857,4.57142857142857,58.5,72,4.33333333333333,17.3333333333333,13
562,mturk,1,2,5,3,4,2,6,7,7.66666666666667,6.33333333333333,8.66666666666667,7.55555555555556,5.57142857142857,5.57142857142857,5.57142857142857,47.5,59.5,3,18,21
563,mturk,1,2,6,5,4,5,7,6,7.33333333333333,6,7.33333333333333,6.88888888888889,3.42857142857143,3.14285714285714,4,54,58,4.66666666666667,32.6666666666667,28
564,mturk,1,2,8,4,5,4,2,1,2.66666666666667,6,7.66666666666667,5.44444444444445,5.42857142857143,5.42857142857143,5.42857142857143,41,39.5,4.33333333333333,8.66666666666667,4.33333333333333
565,mturk,1,1,3,5,3,4,6,7,2,3,5.33333333333333,3.44444444444444,2.57142857142857,3.57142857142857,4,76,86.5,4,24,28
566,mturk,1,2,0, , , , , , , , , , , , , , , , , 
567,mturk,1,1,6,4,5,4,1,2,8,6.33333333333333,8.33333333333333,7.55555555555556,5.57142857142857,5.71428571428571,5.57142857142857,48.5,54,4.33333333333333,4.33333333333333,8.66666666666667
568,mturk,1,1,2,4,4,4,6,6,6.33333333333333,5.66666666666667,7.66666666666667,6.55555555555556,5.71428571428571,5.42857142857143,4.85714285714286,69.5,73.5,4,24,24
569,mturk,1,2,0,4,3,1,5,3,3.33333333333333,4.66666666666667,6,4.66666666666667,5.42857142857143,5.42857142857143,5.57142857142857,54.5,42.5,2.66666666666667,13.3333333333333,8
570,mturk,1,1,0,4,3,2,6,5,6.66666666666667,5,6.33333333333333,6,3.57142857142857,3.28571428571429,3.71428571428571,34,44.5,3,18,15
571,mturk,1,2,1,2,3,4,3,5,2.33333333333333,5,5.66666666666667,4.33333333333333,4,4.28571428571429,3.85714285714286,58,62,3,9,15
572,mturk,1,1,1,4,4,4,6,6,7.66666666666667,5.66666666666667,8.33333333333333,7.22222222222222,5.33333333333333,5,5.57142857142857,70.5,75.5,4,24,24
573,mturk,1,1,4,5,5,5,2,1,2,6.33333333333333,5.66666666666667,4.66666666666667,2.42857142857143,2.85714285714286,2.57142857142857,79.5,75.5,5,10,5
574,mturk,1,2,0,3,4,4,5,6,2,4,5,3.66666666666667,3.57142857142857,3.42857142857143,3.42857142857143,50,53.5,3.66666666666667,18.3333333333333,22
575,mturk,1,2,3,2,3,4,2,1,2.33333333333333,4,1.33333333333333,2.55555555555556,5.42857142857143,5.42857142857143,5.42857142857143,61,18,3,6,3
576,mturk,1,2,0, , , , , , , , , , , , , , , , , 
577,mturk,1,1,1,3,2,1,2,3,3,4.66666666666667,4.66666666666667,4.11111111111111,5.42857142857143,5.42857142857143,5.42857142857143,35,39.5,2,4,6
578,mturk,1,2,5,2,3,2,1,2,2,4,7,4.33333333333333,5.28571428571429,5,5.14285714285714,22.5, ,2.33333333333333,2.33333333333333,4.66666666666667
579,mturk,1,1,0,1,1,1,2,4,2.66666666666667,6,4.66666666666667,4.44444444444444,2.85714285714286,2.85714285714286,2.28571428571429, , ,1,2,4
580,mturk,1,2,1,4,3,4,3,5,3,4.33333333333333,4.66666666666667,4,5.28571428571429,5.28571428571429,4.57142857142857,44.5,49.5,3.66666666666667,11,18.3333333333333
581,mturk,1,1,2,4,4,5,1,1,7,5,7.66666666666667,6.55555555555556,3.42857142857143,4.14285714285714,3.14285714285714,67,92.5,4.33333333333333,4.33333333333333,4.33333333333333
582,mturk,1,1,0,4,1,1,4,7, , , , ,4.14285714285714,3.14285714285714,2, , ,2,8,14
583,mturk,1,1,3,4,5,5,1,1,4,6,6,5.33333333333333,5.14285714285714,4.85714285714286,4.85714285714286,67.5,79.5,4.66666666666667,4.66666666666667,4.66666666666667
584,mturk,1,2,0,4,3,5,4,4,1.33333333333333,4.33333333333333,3,2.88888888888889,2.28571428571429,3.14285714285714,5,0,0,4,16,16
585,mturk,1,2,1,3,4,4,5,6,6,5.33333333333333,4.33333333333333,5.22222222222222,3.42857142857143,3.42857142857143,3.57142857142857, , ,3.66666666666667,18.3333333333333,22
586,mturk,1,1,0, , , , , , , , , , , , , , , , , 
587,mturk,1,1,0, , , , , , , , , , , , , , , , , 
588,mturk,1,1,3,5,5,5,1,1,1,1,5.33333333333333,2.44444444444444,1.71428571428571,4.42857142857143,4, , ,5,5,5
589,mturk,1,1,3,4,4,5,4,4,2,5.66666666666667,7.66666666666667,5.11111111111111,4.85714285714286,4.85714285714286,4.71428571428571,84,29.5,4.33333333333333,17.3333333333333,17.3333333333333
590,mturk,1,1,1,2,2,4,3,2,2.33333333333333,6,3.66666666666667,4,5,5.14285714285714,5.14285714285714,42,41.5,2.66666666666667,8,5.33333333333333
591,mturk,1,2,0, , , , , , , , , , , , , , , , , 
592,mturk,1,2,4,3,2,4,7,7,1,1.33333333333333,1.66666666666667,1.33333333333333,5.14285714285714,3,5.28571428571429, , ,3,21,21
593,mturk,1,2,0,2,3,5,1,1,1.66666666666667,6,5,4.22222222222222,2.14285714285714,3.85714285714286,3.85714285714286,50, ,3.33333333333333,3.33333333333333,3.33333333333333
594,mturk,1,2,5,4,3,4,3,2,6.33333333333333,4.66666666666667,5.33333333333333,5.44444444444444,4,4.14285714285714,4.28571428571429,48.5,61.5,3.66666666666667,11,7.33333333333333
595,mturk,1,1,5,4,3,2,4,3,2.33333333333333,3,5.33333333333333,3.55555555555556,1.71428571428571,4.42857142857143,3.85714285714286,36.5,74.5,3,12,9
596,mturk,1,2,0,1,1,3,2,3,1.66666666666667,1,2.66666666666667,1.77777777777778,3.42857142857143,2.57142857142857,3.57142857142857, , ,1.66666666666667,3.33333333333333,5
597,mturk,1,1,0,1,3,3,4,3,2.66666666666667,5.33333333333333,4.66666666666667,4.22222222222222,1.57142857142857,1.85714285714286,2.85714285714286,56,49.5,2.33333333333333,9.33333333333333,7
598,mturk,1,2,6,4,5,5,1,1,2.66666666666667,5.66666666666667,1,3.11111111111111,2.42857142857143,3,4.71428571428571,6.5, ,4.66666666666667,4.66666666666667,4.66666666666667
599,mturk,1,1,6,3,2,2,1,2,1,5.33333333333333,2.33333333333333,2.88888888888889,1.42857142857143,2.42857142857143,1.85714285714286, , ,2.33333333333333,2.33333333333333,4.66666666666667
600,mturk,1,2,1,3,3,3,5,5,5,5,5,5,2.85714285714286,4,3.28571428571429,48,49.5,3,15,15
601,mturk,1,2,6,5,3,5,4,2,2,3,2.33333333333333,2.44444444444444,2.28571428571429,3,4,0,47.5,4.33333333333333,17.3333333333333,8.66666666666667
602,mturk,1,2,0,4,4,4,2,2,3,5.66666666666667,2,3.55555555555556,3.57142857142857,3.71428571428571,3.28571428571429,50,22,4,8,8
603,mturk,1,1,7,3,3,3,1,1,1.33333333333333,1,1,1.11111111111111,3.42857142857143,4.71428571428571,3.42857142857143,50, ,3,3,3
604,mturk,1, ,0, , , , , , , , , , , , , , , , , 
605,mturk,1,1,0,4,2,4,4,2,1.66666666666667,1.33333333333333,2.33333333333333,1.77777777777778,3,4.14285714285714,3.28571428571429,19.5, ,3.33333333333333,13.3333333333333,6.66666666666667
606,mturk,1,2,8,5,4,5,1,1,2,1,1,1.33333333333333,3.42857142857143,5.14285714285714,5.14285714285714,0,95,4.66666666666667,4.66666666666667,4.66666666666667
607,mturk,1,1,0,1,1,1,7,7,1,3.66666666666667,1,1.88888888888889,5.14285714285714,5.14285714285714,5.14285714285714, , ,1,7,7
608,mturk,1,2,6,2,2,5,1,1,2,2.33333333333333,1,1.77777777777778,3.14285714285714,5.71428571428571,4.28571428571429,41.5, ,3,3,3
609,mturk,1,1,7,4,3,4,2,1,1.66666666666667,5,4,3.55555555555556,1.85714285714286,3.42857142857143,2.71428571428571,45.5, ,3.66666666666667,7.33333333333333,3.66666666666667
610,mturk,1,1,2,2,2,3,4,5,1,4.33333333333333,5,3.44444444444444,.285714285714286,.285714285714286,.571428571428571, , ,2.33333333333333,9.33333333333333,11.6666666666667
611,mturk,1,1,8,4,4,5,1,2,2,7,8.33333333333333,5.77777777777778,1.57142857142857,4.71428571428571,4,2.5, ,4.33333333333333,4.33333333333333,8.66666666666667
612,mturk,1,1,6,3,3,5,2,1,4,8,5.33333333333333,5.77777777777778,2.42857142857143,3.85714285714286,3.85714285714286,50.5,50.5,3.66666666666667,7.33333333333333,3.66666666666667
613,mturk,1,2,0, , , , , , , , , , , , , , , , , 
614,mturk,1,2,4,3,3,4,1,2,4.66666666666667,7.66666666666667,5,5.77777777777778,2.28571428571429,3.71428571428571,4.57142857142857,35,52.5,3.33333333333333,3.33333333333333,6.66666666666667
615,mturk,1,2,1,3,4,3,2,3,5.33333333333333,5.33333333333333,6,5.55555555555555,4.42857142857143,4.42857142857143,4.42857142857143,13,11,3.33333333333333,6.66666666666667,10
616,mturk,1,2,7,4,4,5,1,1,2.66666666666667,5.66666666666667,1,3.11111111111111,1.85714285714286,3.42857142857143,2.71428571428571,5,10,4.33333333333333,4.33333333333333,4.33333333333333
617,mturk,1,1,0,4,3,2,6,6,4,7.66666666666667,5.66666666666667,5.77777777777778,3.85714285714286,4,3.42857142857143,64.5, ,3,18,18
618,mturk,1,2,0,4,4,5,1,1,3,4.33333333333333,3,3.44444444444444,1.14285714285714,3.28571428571429,2.14285714285714,0,50,4.33333333333333,4.33333333333333,4.33333333333333
619,mturk,1,2,6,5,5,5,2,2,1,3,1,1.66666666666667,4.42857142857143,5.85714285714286,5.57142857142857, , ,5,10,10
620,mturk,1,1,9,4,3,4,6,5,5,4.66666666666667,5.66666666666667,5.11111111111111,4,3.28571428571429,3,37.5,34.5,3.66666666666667,22,18.3333333333333
621,mturk,1,2,6,3,3,3,5,5,3.33333333333333,3,2,2.77777777777778,3.85714285714286,4.28571428571429,4.14285714285714,0,100,3,15,15
622,mturk,1,2,6,5,3,5,1,2,4.66666666666667,9,1.33333333333333,5,1.71428571428571,5.71428571428571,4.71428571428571, , ,4.33333333333333,4.33333333333333,8.66666666666667
623,mturk,1,2,6,5,5,5,5,1,6,8.66666666666667,6.33333333333333,7,2.28571428571429,4.42857142857143,4,0,100,5,25,5
624,mturk,1,1,7,5,5,5,1,4,1,6,5,4,2.71428571428571,3.42857142857143,4.57142857142857, , ,5,5,20
625,mturk,1,1,4,5,5,5,1,1,1,7.33333333333333,3.66666666666667,4,2.42857142857143,5.14285714285714,4.85714285714286,50,50,5,5,5
626,mturk,1,2,6,5,5,5,1,1,2.66666666666667,7.33333333333333,6.33333333333333,5.44444444444444,2.57142857142857,4.28571428571429,5.14285714285714,49.5,50,5,5,5
627,mturk,1,2,6,2,1,3,7,4,1,9,8,6,1.28571428571429,3.71428571428571,3.42857142857143, , ,2,14,8
628,mturk,1,1,1,5,5,5,3,1,2,3.33333333333333,6,3.77777777777778,4.85714285714286,3.28571428571429,3.71428571428571,54,73.5,5,15,5
629,mturk,1,2,0,3,3,3,5,5,3,5.66666666666667,9,5.88888888888889,0,3,.714285714285714,100,100,3,15,15
630,mturk,1,1,0,5,3,2,7,1,1,1,5.33333333333333,2.44444444444444,.714285714285714,4.42857142857143,5, , ,3.33333333333333,23.3333333333333,3.33333333333333
631,mturk,1,2,6,4,3,5,2,2,1.33333333333333,1,3,1.77777777777778,3.71428571428571,5.14285714285714,5.14285714285714,0, ,4,8,8
632,mturk,1,2,7,4,4,4,7,7,1.33333333333333,3,1,1.77777777777778,2.42857142857143,1.85714285714286,3.71428571428571,0, ,4,28,28
633,mturk,1,2,0, , , , , , , , , , , , , , , , , 
634,mturk,1, ,0, , , , , , , , , , , , , , , , , 
635,mturk,1,1,0, , , , , , , , , , , , , , , , , 
636,mturk,1,1,0, , , , , , , , , , , , , , , , , 
637,mturk,1, ,0, , , , , , , , , , , , , , , , , 
638,mturk,1, ,0, , , , , , , , , , , , , , , , , 
639,mturk,1, ,0, , , , , , , , , , , , , , , , , 
640,mturk,1,2,0, , , , , , , , , , , , , , , , , 
641,mturk,1, ,0, , , , , , , , , , , , , , , , , 
642,mturk,1,2,0, , , , , , , , , , , , , , , , , 
643,mturk,1,1,3,5,4,5,1,2,6.66666666666667,5.66666666666667,6.66666666666667,6.33333333333333,5,5.42857142857143,5.28571428571429,68.5,83.5,4.66666666666667,4.66666666666667,9.33333333333333
644,mturk,1,1,3,5,4,5,1,2,6,5.33333333333333,7.66666666666667,6.33333333333333,4.85714285714286,4.42857142857143,5.14285714285714,82.5,71,4.66666666666667,4.66666666666667,9.33333333333333
645,mturk,1, ,0, , , , , , , , , , , , , , , , , 
646,mturk,1,1,2,4,5,4,2,1,8.33333333333333,5.33333333333333,8,7.22222222222222,5.71428571428571,5.42857142857143,5.57142857142857,75.5,78,4.33333333333333,8.66666666666667,4.33333333333333
647,mturk,1,2,0,3,3,3,4,7,1.33333333333333,1.66666666666667,1,1.33333333333333,1.57142857142857,3.57142857142857,4,0, ,3,12,21
648,mturk,1, ,0, , , , , , , , , , , , , , , , , 
649,mturk,1, ,0, , , , , , , , , , , , , , , , , 
650,mturk,1,1,0, , , , , , , , , , , , , , , , , 
651,mturk,1,1,0, , , , , , , , , , , , , , , , , 
652,mturk,1,1,0, , , , , , , , , , , , , , , , , 
653,mturk,1,2,0, , , , , , , , , , , , , , , , , 
654,mturk,1,2,0,3,3,3,4,4,1.33333333333333,5,5,3.77777777777778,3.28571428571429,3.42857142857143,2.85714285714286,48,48,3,12,12
655,mturk,1,2,1,2,2,2,2,3,7.66666666666667,6.66666666666667,7.33333333333333,7.22222222222222,5.14285714285714,5.42857142857143,5.42857142857143,54,54.5,2,4,6
656,mturk,1,1,0,4,3,4,4,4,2.33333333333333,6.66666666666667,5,4.66666666666667,3.42857142857143,1,4,12,80,3.66666666666667,14.6666666666667,14.6666666666667
657,mturk,1,1,0, , , , , , , , , , , , , , , , , 
658,mturk,1, ,0, , , , , , , , , , , , , , , , , 
659,mturk,1,2,0, , , , , , , , , , , , , , , , , 
660,mturk,1,1,5,4,4,5,4,7,2.66666666666667,8,8.33333333333333,6.33333333333333,2.71428571428571,2.71428571428571,3.85714285714286,46,46.5,4.33333333333333,17.3333333333333,30.3333333333333
661,mturk,1,1,0,5,5,5,6,1,1.66666666666667,3.66666666666667,4,3.11111111111111,2.42857142857143,4.85714285714286,3.14285714285714,43,50.5,5,30,5
662,mturk,1,1,9,4,3,4,2,2,2.33333333333333,8,8,6.11111111111111,1.71428571428571,3.42857142857143,3.71428571428571,44,46,3.66666666666667,7.33333333333333,7.33333333333333
663,mturk,1,2,0, , , , , , , , , , , , , , , , , 
664,mturk,1,2,0, , , , , ,3.33333333333333,5.33333333333333,3.33333333333333,4, , , , , , , , 
665,mturk,1,1,0, , , , , , , , , , , , , , , , , 
666,mturk,1,2,0, , , , , , , , , , , , , , , , , 
667,mturk,1, ,0, , , , , , , , , , , , , , , , , 
668,mturk,1, ,0, , , , , , , , , , , , , , , , , 
669,mturk,1, ,0, , , , , , , , , , , , , , , , , 
670,mturk,1,2,0, , , , , , , , , , , , , , , , , 
671,mturk,1,1,6,3,3,4,1,1,1,1,1,1,5.85714285714286,5.85714285714286,3.85714285714286, , ,3.33333333333333,3.33333333333333,3.33333333333333
672,mturk,1,1,5,4,4,4,3,4,3,4.33333333333333,5.33333333333333,4.22222222222222,2.71428571428571,3.14285714285714,3.42857142857143,28,34.5,4,12,16
673,mturk,1,1,0, , , , , , , , , , , , , , , , , 
674,mturk,1,2,0, , , , , , , , , , , , , , , , , 
675,mturk,1,2,5,5,5,5,7,1,2,4.33333333333333,1.33333333333333,2.55555555555556,2.57142857142857,3.57142857142857,4,10, ,5,35,5
676,mturk,1, ,0, , , , , , , , , , , , , , , , , 
677,mturk,1,2,0, , , , , , , , , , , , , , , , , 
678,mturk,1, ,0, , , , , , , , , , , , , , , , , 
679,mturk,1,1,0, , , , , , , , , , , , , , , , , 
680,mturk,1,2,0, , , , , , , , , , , , , , , , , 
681,mturk,1,2,0, , , , , , , , , , , , , , , , , 
682,mturk,1,2,0,5,5,5,7,7, , , , ,5.85714285714286,5.57142857142857,5.42857142857143,35,50,5,35,35
683,mturk,1,2,7,4,3,5,4,3,2,9,7,6,2.28571428571429,4.42857142857143,4.85714285714286, ,0,4,16,12
684,mturk,1,2,0,5,5,5,6,6,6.66666666666667,8.33333333333333,3,6,.285714285714286,5,4.28571428571429,0,0,5,30,30
685,mturk,1,2,0, , , , , , , , , , , , , , , , , 
686,mturk,1,2,3,3,2,3,4,4,1,3.33333333333333,4,2.77777777777778,4,2.85714285714286,4.14285714285714, , ,2.66666666666667,10.6666666666667,10.6666666666667
687,mturk,1, ,0, , , , , , , , , , , , , , , , , 
688,mturk,1,2,0, , , , , , , , , , , , , , , , , 
689,mturk,1,1,0, , , , , , , , , , , , , , , , , 
690,mturk,1,2,0, , , , , , , , , , , , , , , , , 
691,mturk,1,2,0, , , , , , , , , , , , , , , , , 
692,mturk,1,2,0, , , , , , , , , , , , , , , , , 
693,mturk,1,2,4,3,3,5,6,3,2.66666666666667,4.33333333333333,2.66666666666667,3.22222222222222,2.71428571428571,3.42857142857143,3.71428571428571,17.5,97,3.66666666666667,22,11
694,mturk,1,2,0, , , , , , , , , , , , , , , , , 
695,mturk,1,1,2,4,4,4,5,5,2,3,5.33333333333333,3.44444444444444,4,4,4.28571428571429,51.5,57.5,4,20,20
696,mturk,1, ,0, , , , , , , , , , , , , , , , , 
697,mturk,1, ,0, , , , , , , , , , , , , , , , , 
698,mturk,1,2,0, , , , , , , , , , , , , , , , , 
699,mturk,1, ,0, , , , , , , , , , , , , , , , , 
700,mturk,1,1,0, , , , , , , , , , , , , , , , , 
701,mturk,1, ,0, , , , , , , , , , , , , , , , , 
702,mturk,1,1,1,5,5,5,1,1,4.33333333333333,8.33333333333333,6.66666666666667,6.44444444444444,1.42857142857143,3,3.71428571428571,100,100,5,5,5
703,mturk,1,2,0, , , , , , , , , , , , , , , , , 
704,mturk,1,2,0, , , , , , , , , , , , , , , , , 
705,mturk,1,1,0,5,3,4,6,2,1,5.66666666666667,5.66666666666667,4.11111111111111,5.14285714285714,5.42857142857143,4.71428571428571, , ,4,24,8
706,mturk,1,1,0, , , , , , , , , , , , , , , , , 
707,mturk,1,2,7,5,5,5,1,1,1,8,4.66666666666667,4.55555555555556,3.14285714285714,4.57142857142857,3.85714285714286, , ,5,5,5
708,mturk,1,2,0, , , , , , , , , , , , , , , , , 
709,mturk,1,1,3,3,3,3,7,3, , , , , , , ,4.5,50.5,3,21,9
710,mturk,1,1,0, , , , , , , , , , , , , , , , , 
711,mturk,1,1,0, , , , , , , , , , , , , , , , , 
712,mturk,1,1,0, , , , , , , , , , , , , , , , , 
713,mturk,1,1,7,5,5,5,2,1,6,8.66666666666667,6.33333333333333,7,.428571428571429,5,4.57142857142857,25,100,5,10,5
714,mturk,1,2,0, , , , , , , , , , , , , , , , , 
715,mturk,1, ,0, , , , , , , , , , , , , , , , , 
716,mturk,1,2,6,5,5,5,4,4,1.33333333333333,1,1,1.11111111111111,4.85714285714286,3.57142857142857,6,69, ,5,20,20
717,mturk,1,2,0, , , , , , , , , , , , , , , , , 
